pred_knn,pred_linear,pred_random_forest,Happiness_Index,Exports_Imports_PctGDP,Finance_Sector_Domestic_Credit_PctGDP,Foreign_Direct_Investment_PctGDP,Gross_Capital_PctGDP,Gross_Fixed_Capital_PctGDP,Private_capital_flows_PctGDP,Remittances_inflows_PctGDP,Country,Happiness_Rank,year,Coef_Human_Inequality,Elderly_Dependency_Pct,Empl_Agriculture,Empl_Nonagriculture_Pct_Female,Empl_Pop_Ratio,Empl_Services,Empl_Vulnerable_Pct,Expected_years_of_schooling,Female_Bank_Acct_Pct,GDP,GDP_pc,GNIpc_female,GNIpc_male,Gross_National_Income,HDI_rank,Idx_Education,Idx_Gender_Development,Idx_Gender_Inequality,Idx_Human_Development,Idx_Human_Development_female,Idx_Human_Development_male,Idx_Income,Idx_IneqAdj_education,Idx_IneqAdj_income,Idx_IneqAdj_Life_Exp,Idx_Red_List,Ineq_education,Ineq_HDI_Loss,Ineq_income,Ineq_Life_Exp,Inequality-adjusted_HDI,Infants_Missing_DPT_Vaccine,Infants_Missing_measles_Vaccine,Labor_Participation,Labor_Participation_female,Labor_Participation_male,Life_Exp_Birth,Life_Exp_Birth_female,Life_Exp_Birth_male,Life_Exp_index,MtoF_Ratio_birth,Parlaiment_Pct_Female,Pop_15â€“64,Pop_65,Pop_Total,Pop_under5,Pop_Urban_Pct,Refugees_from_country_1000s,School_Expected_Years_female,School_Expected_Years_male,School_Mean_Years,School_Mean_Years_female,School_Mean_Years_male,School_Secondary_Pop_Pct,School_Secondary_Pop_Pct_female,School_Secondary_Pop_Pct_male,Teen_Birth_Rate,Unemployment_FtoM_Ratio,Unemployment_total,Unemployment_youth,Working_Poor_Pct_3.10day,Young_Dependency_Pct,Youth_Unemployment_FtoM
6.535321881092203,6.6002785626809,6.5940142333333505,7.054,62.4618,167.5132678,1.7778199999999997,17.011804840000003,16.862612499999994,-0.2964841000000001,0.16746600000000003,United Kingdom,15,2017,9.09285,29.037000000000003,1.1,46.82,59.7,80.5,13.1,17.442899999999998,96.07344054999999,2624.599521,39753.24389,28043.42352,50484.87317,39116.311630000004,14,0.914146667,0.9603068539999999,0.11622617800000003,0.921548922,0.9034683579999999,0.940812152,0.9016704900000001,0.8799233920000001,0.725530873,0.9115126149999999,0.7884999999999999,3.7437400000000003,9.405308072,19.534810000000004,4,0.8348744070000002,2,8,62.3,56.8,68.1,81.71700000000001,83.438,79.94200000000001,0.949492308,1.05,28.522336769999995,42.205000000000005,12.254989,66.181585,3.999271,83.1,0.08,17.9076,16.982199999999995,12.88865,12.794299999999998,13.5075,82.90361000000001,82.38919118,85.22327178,12.498,0.9545454550000001,4.3,11.7,NA,27.773,0.8796992480000002
6.986156042479698,6.507036158107646,6.92900383333334,6.985,86.8977,127.26961560000002,2.1205900000000004,19.78135965,20.318476410000002,7.483567000000001,0.456212,Germany,17,2017,7.792773333,32.767,1.3,46.82,58.2,71.5,6,16.95598,99.19924927000001,3740.2324399999998,45229.24529,37688.880990000005,54842.796709999995,46135.84754,5,0.940400111,0.9667482160000002,0.07205748299999999,0.9360434200000001,0.919064864,0.950676555,0.926602343,0.9147958370000002,0.763004954,0.912964,0.98329,2.7227,8.066794750000001,17.65562,3,0.860534719,1,3,60.5,55,66.2,81.17799999999998,83.498,78.854,0.9412,1.06,31.491002569999996,53.76200000000001,17.616147,82.11422400000002,3.595119,77.3,0.07500000000000001,16.8776,17.0334,14.08202,13.631699999999999,14.4688,96.52632,96.23937,96.83103,6.535,0.8500000000000001,3.7,6.4,NA,19.97,0.901408451
6.586583462783549,6.3375254983127585,6.613427800000006,6.592,62.866,157.67151529999998,1.97281,23.45930214,22.512539789999998,0.35792890000000005,0.9651879999999999,France,24,2017,10.10907667,31.701999999999998,2.9,47.730000000000004,49.9,76.8,7.6,16.415950000000002,91.28713226,2591.160436,38605.6709,32518.39273,46217.64411,39253.94701,24,0.8396926110000001,0.9872012960000001,0.08285738699999998,0.90080244,0.894427602,0.9060235289999999,0.902201064,0.7675065879999998,0.7386274100000001,0.930126523,0.87455,8.59672,10.314899350000001,18.13051,3.6,0.807885575,1,10,55.2,50.6,60.1,82.71600000000001,85.61,79.801,0.964861538,1.05,35.351351349999995,40.416,12.812774000000001,64.979548,3.824185,80.2,0.056,16.810800000000004,16.0365,11.510819999999999,11.294299999999998,11.7516,83.20343,80.55189,85.64227,8.642999999999999,0.95959596,9.7,23.6,NA,29.074,0.987447699
6.403827093652481,6.659696048667647,6.5433366333333325,6.354,65.5189,178.5506444,0.32841600000000004,21.14505759,20.553734679999998,3.515796,0.22876600000000002,Spain,30,2017,14.94961333,29.504,4.1,46.46,47.8,76.4,11.9,17.87704,91.64125061000001,1596.1333269999998,34272.36038,26953.871559999996,41850.270679999994,34258.293289999994,26,0.8239004440000001,0.9788671589999999,0.080086993,0.8910202160000001,0.8791053770000001,0.8980844530000001,0.8816388560000001,0.6709337699999999,0.6763697019999999,0.9446456920000003,0.84506,18.56616,15.376687010000003,23.282679999999996,3,0.754010827,2,4,57.8,52.2,63.8,83.301,85.982,80.535,0.973861538,1.06,38.636363640000006,30.536,9.009609000000001,46.35432099999999,2.0169489999999994,80.1,0.043000000000000003,18.2316,17.5332,9.819480000000002,9.6852,9.962600000000002,74.81495000000001,72.16676,77.63346999999999,8.597999999999999,1.1812500000000001,17.4,39.4,NA,22.296,1.007672634
6.3884592063706265,6.667691725505787,6.389802933333338,6.223,59.514599999999994,166.16397819999997,1.0253299999999999,17.249677579999997,17.508283799999997,5.018706,0.50699,Italy,36,2017,11.93886667,36.276,3.9,42.1,43.1,69.8,17.7,16.27219,91.62443542,2132.625945,35220.08379,25767.09606,45326.17139999999,35299.24086,28,0.790685278,0.9669008649999999,0.08672979700000001,0.8797694450000001,0.8630858860000001,0.8926312070000001,0.8861603739999999,0.708000472,0.6871354889999999,0.9436476770000002,0.91668,10.45736,12.314780670000001,22.459239999999998,2.9,0.7714277679999999,2,8,48.6,39.5,58.3,83.169,85.293,80.932,0.9718307689999999,1.06,30.105263160000003,37.671,13.665387,59.359899999999996,2.447617,70.1,0.053000000000000005,16.615000000000002,15.9445,10.160400000000001,9.962200000000001,10.3778,79.5546301,75.62564207999999,82.96918000000001,6.1,1.19047619,11.3,36.9,NA,21.3,1.0423728810000001
6.149799802299495,6.618123360159938,6.201579333333343,5.693,85.1966,154.07152369999997,4.60675,16.323390269999997,16.16893029,0.5160728,0.20803100000000002,Portugal,66,2017,13.241893329999998,33.15,6.8,49.86,52.9,68.3,13.1,16.29655,90.62212372,287.57453019999997,27936.896090000002,23094.69458,32013.069229999997,27315.3583,41,0.759047278,0.983298717,0.08778898,0.8471133409999999,0.839217284,0.853471351,0.847427821,0.635255624,0.6735622409999997,0.9176398150000001,0.8556700000000002,16.30882,13.55803204,20.516860000000005,2.9,0.732261443,1,2,58.2,53.3,63.8,81.428,84.227,78.44300000000001,0.945046154,1.06,34.782608700000004,6.7,2.221066,10.329506000000002,0.419033,64.7,0.018000000000000002,16.193,16.4028,9.190959999999999,9.218699999999998,9.1586,52.705200000000005,52.07866,53.43535000000001,9.398,1.033707865,9,23,NA,21.021,1.036036036
5.284868126986164,6.2087724754179305,5.537104233333332,5.287,67.5163,116.6678759,2.0079800000000003,11.727661769999997,12.64670593,-13.70374,0.15411900000000003,Greece,82,2017,13.136636670000001,31.192,12.1,41.879999999999995,41.6,72.6,26.5,17.254050000000003,84.53689575,264.43070129999995,24574.382480000004,19657.894180000003,29796.43041,24648.09694,31,0.837642167,0.963745461,0.119765805,0.8699340670000001,0.8529258840000001,0.88501157,0.831906931,0.7277539009999999,0.642305775,0.911702308,0.8480900000000001,13.118759999999998,13.495214030000001,22.791150000000002,3.5,0.752534603,1,3,52.9,45.5,60.6,81.41000000000001,83.93100000000001,78.903,0.9447692310000001,1.07,18.33333333,7.297,2.276174,11.159773,0.45799,78.7,0.10600000000000001,17.019800000000004,17.478699999999996,10.75089,10.5069,11.015,69.17069,65.44867,73.20012000000001,7.223,1.4333333329999998,21.4,42.8,NA,21.738,1.078085642
6.943757350362672,5.9423557734475665,6.59355253333334,7.021,207.89100000000002,84.19870592,15.4395,24.24728979,23.44415104,-30.541980000000002,0.185086,Ireland,16,2017,8.596426667000001,21.615000000000002,5.4,47.4,56.2,75.5,11.9,19.61374,95.30703734999999,324.125707,67335.29341,42771.409510000005,64916.09601,53754.18626,4,0.917543,0.9794868729999999,0.10938194999999999,0.938410059,0.926267373,0.9456659390000001,0.949688386,0.8911812560000001,0.758647171,0.9217999380000002,0.91722,2.87308,8.976220184999999,20.116200000000003,2.8,0.854176306,2,8,60,53,67.3,81.643,83.60499999999999,79.68299999999999,0.9483538460000001,1.06,24.311926610000004,3.068,0.6631829999999999,4.7616570000000005,0.33779399999999993,62.9,0.006,19.7153,19.5196,12.52629,12.712,12.1115,88.28343794999999,90.238,86.30795123,9.662,0.726027397,6.4,13.6,NA,33.580999999999996,0.8717948720000003
5.024159369991657,5.295537377209732,5.00600173333334,4.719,78.0756,63.290499800000006,7.92276,25.224036579999996,25.224036579999996,-9.219334,10.0532,Albania,107,2017,9.976052142,18.997999999999998,40.3,37.54,48.3,41.1,57.2,14.77288,38.10295868000001,33.91665026,11803.43059,9701.721796000002,14027.80057,11885.50814,68,0.7445281109999999,0.9704640259999999,0.23817487799999998,0.7849109729999999,0.7721221609999999,0.79562162,0.7217299260000001,0.6813119869999998,0.633409002,0.817130154,0.8549500000000001,8.490763886,9.990828240999999,12.237392539999998,9.2,0.706491866,1,4,56.1,47.2,64.9,78.495,80.595,76.543,0.8999230770000001,1.08,27.85714286,2.034,0.386419,2.930187,0.177175,59.4,12.176,15.0308,14.4429,10.02511,9.832500000000001,10.238499999999998,92.89328427000001,93.09790235,92.76778303,20.667,0.93006993,13.9,30,1.5,25.061999999999998,0.964630225
4.810611350482695,5.535177821249792,4.976472933333336,4.559,88.4535,58.23193784000001,2.12989,19.027547889999997,17.31200669,-1.184851,13.3409,Armenia,116,2017,9.791106667,16.336000000000002,34.4,42.4,49.2,49.7,41.6,12.96123,40.906436920000004,25.75156363,8787.57994,6357.535919,12281.06431,9143.677636999999,83,0.748951167,0.969369418,0.2624025650000001,0.7551126829999999,0.740196062,0.763585118,0.682114476,0.726969824,0.5631648300000001,0.7669480000000001,0.8446000000000001,2.9349499999999997,9.989291986,17.43837,9,0.679682272,3,4,60.1,51.4,70.6,74.782,77.79700000000001,71.427,0.8428000000000001,1.1300000000000001,18.0952381,2.0149999999999997,0.329162,2.9304499999999996,0.19823900000000003,63.1,10.797999999999998,13.365200000000002,12.578299999999999,11.66751,11.663400000000001,11.672500000000001,97.22246,96.87118,97.64477,23.165,1.2317073169999997,18.2,39,10.1,29.096,1.1782477340000004
6.119148045848429,5.158919695629801,5.889788333333329,6.086,25.0146,39.242921120000005,1.8596599999999999,19.07339665,14.809083630000002,-7.112725999999999,0.090802,Argentina,47,2017,13.854097200000002,17.521,0.5,40.09,54.6,76.1,21.4,17.424039999999998,50.75725174,838.2237796000002,18933.907150000003,12394.535750000001,24788.78922,18460.73665,47,0.8156487780000001,0.997019855,0.35787238800000004,0.8248496500000002,0.816176203,0.8186157970000001,0.7882437339999999,0.764789401,0.584665279,0.7899675379999999,0.8608000000000001,6.235450612,14.30055514,25.82684098,9.5,0.706891571,9,11,59.9,47.3,73.2,76.738,80.44100000000002,72.96400000000001,0.8728923080000001,1.04,38.905775080000005,28.296,4.957669000000001,44.271041,3.737498,91.7,0.129,18.654400000000003,16.2,9.949430000000001,10.1322,9.6601,64.84,65.9,62.78,62.790000000000006,1.4931506849999998,8.7,24.7,2.8,38.934,1.1650943399999998
7.303241310988774,6.348897317856284,7.080800433333339,7.246,104.708,126.7327141,3.30456,25.08628405,23.510803440000004,5.558438,0.7208410000000001,Austria,10,2017,7.7652033330000005,28.784999999999997,4.3,47.2,57,70.1,8.1,16.0812,98.37577056999997,400.26139799999993,45436.68582,35626.34204,55590.714570000004,45415.10117999999,20,0.8516571070000001,0.9708467949999999,0.071365884,0.907755179,0.893305008,0.9201297390000001,0.924223883,0.829764068,0.760405477,0.9217984620000002,0.8962,2.5706399999999996,8.044746826,17.724970000000003,3,0.8347285730000001,6,4,60.3,55,66,81.77,84.11,79.361,0.9503076920000001,1.06,33.606557380000005,5.826999999999999,1.677341,8.735453,0.41638100000000006,58.1,0.009,16.383399999999998,15.7938,12.148713199999998,11.7679,12.5584,100,100,99.9967,6.893999999999999,0.8644067799999999,5.5,10.4,NA,21.125,0.936936937
7.094877459753355,6.307551505305173,6.695450533333344,7.228,41.893,177.13977569999994,3.6838100000000003,24.17924414,24.001210450000002,-3.608407,0.15163200000000002,Australia,11,2017,7.974146298,23.675,2.6,46.58,61.1,78.3,10.8,22.92125,99.19509124999999,1098.310624,44648.70991,35323.23527999999,51857.31918,43560.05774,3,0.928501333,0.9746954520000002,0.109090919,0.938631285,0.9256525449999999,0.9496838660000001,0.917924248,0.9041519530000001,0.7554516560000001,0.935346954,0.8277100000000001,2.6224388929999995,8.241722129999998,17.7,3.6,0.8612719030000001,2,5,64.8,59.2,70.5,83.068,84.977,81.17799999999998,0.9702769229999999,1.06,32.74336283000001,16.011000000000003,3.790712,24.450561,1.57412,85.9,0.014,23.3266,22.5204,12.855040000000002,12.9316,12.777299999999999,89.97710000000001,90.0339,89.91948000000001,12.902000000000001,1.0357142859999997,5.7,12.6,NA,29.034000000000002,0.9130434780000001
5.488454285702361,5.325179183362139,5.329551800000003,5.208,90.6636,29.50439208,7.03716,24.14810844,23.620412599999998,-7.293640000000001,2.7814300000000003,Azerbaijan,90,2017,9.874310603,8.511,37.4,43.83,62.8,48.5,56.1,12.650430000000002,27.71962547,156.29404309999998,15847.418829999999,10089.08007,21151.780310000002,15599.61753,80,0.7090844999999999,0.949377968,0.317567566,0.756965427,0.733754201,0.772878901,0.762805989,0.682395043,0.695229006,0.6655706149999999,0.90998,3.7639318100000008,10.041283389999998,8.859000000000002,17,0.6809563839999998,3,2,66.1,62.9,69.5,72.12299999999999,75.16499999999999,69.077,0.801892308,1.1300000000000001,16.8,6.949000000000001,0.5914039999999999,9.827589000000001,0.8846950000000001,55.3,10.32,12.643899999999999,12.6544,10.730509999999999,10.4502,11.0357,95.60848999999999,93.84367,97.52972999999999,53.524,1.295454545,5,13.7,1.5,32.922000000000004,1.0148148149999998
4.879024775004993,5.45409661899801,5.224187166666666,5.386,86.9273,56.801496189999995,2.3897999999999997,20.47805386,16.75068974,-1.5635189999999999,10.986400000000001,Bosnia and Herzegovina,78,2017,15.27605608,23.909,19.1,32.7,34.7,48.7,20.9,14.218442999999999,54.7417984,41.08082814,11713.89478,7723.116587,15856.415889999998,11716.020700000001,77,0.718054083,0.923817063,0.16594619600000005,0.768450831,0.7394479469999999,0.8004268120000001,0.7195603639999998,0.576110601,0.5744943330000001,0.826444108,0.90357,19.767798229999997,15.52679932,20.16037,5.9,0.6491350120000001,8,31,46.6,35.2,58.7,77.087,79.56400000000001,74.551,0.8782615380000001,1.06,19.29824561,2.4299999999999997,0.581079,3.5070170000000003,0.15533000000000002,47.9,17.694000000000003,14.8911,14.4608,9.692919999999999,8.6328,10.853800000000001,79.87346,71.70435,88.71581,10.019,2.0888888889999997,25.6,55.4,0.2,20.387999999999998,1.2338530069999998
4.744433576264666,5.262390363917894,4.750498899999995,4.456,35.303999999999995,63.66930332000001,0.8615,30.51045153,30.51045153,-0.6513528999999999,5.405260000000001,Bangladesh,125,2017,23.42182333,7.662999999999999,39.1,18.38,54,39.9,57.5,11.364567200000002,35.83634567,580.2935432000002,3523.983851,2040.80038,5285.425679000001,3676.9233780000004,136,0.508459756,0.88117434,0.5423126869999999,0.6081558370000001,0.5670413860000001,0.6435064659999999,0.544504773,0.31876079300000004,0.459252096,0.671880246,0.7657,37.308550000000004,24.097789,15.65692,17.3,0.461603727,1,6,56.5,33,79.8,72.80799999999999,74.62299999999999,71.191,0.8124307689999999,1.05,20.285714289999994,109.55799999999999,8.395237000000002,164.66975099999996,15.166773,35.9,16.779999999999998,11.719199999999999,11.3061,5.783320000000001,5.2064,6.7268,45.5,44,48.160000000000004,83.508,2.1212121209999997,4.4,11.4,67.3,42.641,1.1067961169999998
6.8827864351459755,6.9128795319330765,6.78357523333332,6.923,169.403,135.655178,-6.30533,24.62559249,23.27727485,7.490936,2.1335100000000002,Belgium,18,2017,8.650563333000001,28.866,1.3,46.3,49.3,77.4,10.8,19.762399999999996,98.81755066000002,485.116229,42658.57617,33259.76727,51301.69753,42156.37247,17,0.892796333,0.9708563909999999,0.047536186,0.916066037,0.901293263,0.9283486950000001,0.9129764530000001,0.81518287,0.7882785679999998,0.9091706460000001,0.9855599999999999,8.693299999999999,8.742911705999997,13.658389999999999,3.6,0.8359751920000001,1,4,53.2,47.8,58.7,81.303,83.616,78.922,0.9431230770000001,1.05,41.428571430000005,7.353,2.1225300000000002,11.429336000000001,0.6465139999999999,98,0.053000000000000005,20.763199999999998,18.7788,11.78389,11.6314,11.9464,84.35792000000001,82.18702,86.67337999999998,4.878,0.934210526,7.4,19,NA,26.572,0.9268292680000001
5.35008882992711,5.981157387829436,5.394653899999995,5.011,131.122,55.29801452000001,2.9143,20.876883660000004,19.209965210000004,3.96845,3.88038,Bulgaria,97,2017,12.28211667,32.02,6.3,47.809999999999995,50.1,64.5,8.2,14.81046,73.63685608,131.3537906,18563.30662,14776.966489999999,22929.707480000005,18740.111839999998,51,0.8052293330000001,0.9901067509999999,0.217373367,0.813006249,0.808053166,0.8161273160000001,0.7905126079999998,0.752757933,0.6037143209999999,0.7876529539999999,0.9413400000000001,6.51633,12.666669050000001,23.630020000000002,6.7,0.7100254380000001,4,6,53.4,47.8,59.6,74.874,78.369,71.485,0.8442153849999999,1.06,23.75,4.601999999999999,1.4736559999999999,7.0845709999999995,0.320467,74.7,0.722,15.0366,14.598799999999999,11.81483,11.8731,11.7508,94.815,93.67593999999998,96.06474,39.5,0.8656716420000002,6.3,14.4,NA,21.915,0.98630137
5.892585234403485,5.535029999426427,5.684684033333332,5.779,56.7047,68.27203615999998,1.9319799999999998,22.22028662,21.26835549,-5.411306000000001,3.4794699999999996,Bolivia,61,2017,25.670235110000004,10.873000000000001,27,40.949999999999996,65.3,50.6,31.3,14.024227469999998,53.85283279,76.09942311,6885.828577,4686.422732,8736.578662999998,6714.027191,118,0.686730874,0.9286090740000001,0.450451118,0.6925369709999998,0.6645202859999999,0.715608219,0.63545884,0.549161234,0.4335216820000001,0.5693200620000001,0.8705200000000001,20.03254046,25.826956720000005,31.77816486,25.2,0.5136757470000001,9,17,67.4,55.2,79.9,69.473,72.05799999999999,67.001,0.761123077,1.05,51.80722892,6.813999999999999,0.740878,11.0516,1.193854,69.1,0.528,14.0019,14.0465,8.91507,8.1999,9.6738,58.2,50.52390588000001,59.48890159,68.145,1.4615384619999998,3.1,6.6,9.7,51.315999999999995,1.1578947369999997
6.282003016403123,5.969782718899311,6.064781366666676,6.3,24.119800000000005,111.26073769999999,3.4216499999999996,15.502819800000001,15.634520909999999,-2.462586,0.13129500000000002,Brazil,32,2017,23.167873280000002,12.27,10.3,44.39,55.5,68.8,27.9,15.39793,67.51464844000002,2951.6870849999996,14103.451529999998,10072.52666,17566.26931,13755.336929999998,79,0.6863869439999998,0.992243091,0.406749409,0.75924537,0.754967282,0.760869275,0.743800231,0.5353167469999999,0.470869134,0.7646910150000001,0.90143,22.00948,23.91771837,36.69413983000001,10.8,0.5776512010000001,1,3,63.7,53.2,74.7,75.723,79.336,72.112,0.857276923,1.05,11.27946128,145.875,17.899128,209.28827800000002,14.828076999999999,86.3,0.8550000000000001,15.855400000000003,14.9406,7.76,7.977200000000001,7.694599999999999,59.96,61.027103190000005,57.68868228,61.597,1.348214286,12.9,30.5,6.4,31.201,1.1380597010000002
5.781072650328888,5.692331875930833,5.624367100000002,5.323,133.55200000000002,41.94893633000001,2.3404599999999998,26.24606698,25.011169310000003,-4.607257,2.2047200000000005,Belarus,81,2017,6.47209723,21.618000000000002,9.9,51.449999999999996,63.7,59,2.7,15.45131,81.33817290999998,163.23088669999999,17167.96726,13478.66848,19592.06551,16323.46154,53,0.837996389,1.019545704,0.13027744400000002,0.8075295960000001,0.8143521079999999,0.7987401689999999,0.769657429,0.807176474,0.6862382499999999,0.776454923,0.9695099999999999,3.67781,6.525150731999999,10.83848169,4.9,0.754837072,3,3,64,58.4,70.7,73.07,78.46700000000001,67.537,0.816461538,1.06,33.13253012000001,6.482,1.4012449999999999,9.468338,0.5770590000000001,78.1,3.657,15.8512,15.0702,12.2638,12.193299999999999,12.351700000000001,91.90175,87.00197,92.21481000000001,17.16,1,0.5,1.1,0.3,24.455,1.1
6.8129786503425525,6.156618378120397,6.51250936666667,6.444,55.69510000000001,127.9655811,2.3165399999999994,22.05171747,21.55870173,1.004488,0.016107,Chile,26,2017,14.877194240000001,16.162,9.6,43.09,58,67.6,23.9,16.40065,71.27378844999998,411.0526183,22767.037190000003,15137.085109999998,28808.532069999997,21909.50098,44,0.800358611,0.961485776,NA,0.842858781,0.823272243,0.856250048,0.814115691,0.7406825349999999,0.5611258570000002,0.8628976620000002,0.76293,7.456167150000001,15.706178409999998,31.07541556,6.1,0.710477877,2,7,62.3,50.6,74.4,79.732,82.093,77.17899999999999,0.9189538460000001,1.04,15.822784810000003,12.385000000000002,2.0016419999999995,18.054726,1.178699,87.5,0.494,16.651500000000002,16.159100000000002,10.34355,10.2035,10.512,80.59703257,78.97488652999999,80.9283057,45.636,1.151515152,7,16.8,1.9,29.618000000000002,1.0909090909999999
5.231573950463669,6.116913383740206,5.5455076999999955,5.191,37.803399999999996,215.2377438,1.37463,43.60021441,41.88511169,-0.6025706999999999,0.23424400000000004,China,93,2017,14.22396229,14.845,17.5,42.27,65.7,55.9,33,13.7792,76.36473082999998,21223.92194,15308.71212,12053.21213,18295.33769,15269.761240000002,86,0.644355556,0.9550313160000001,0.15235826600000002,0.751703947,0.734648174,0.769239879,0.759577639,0.570561268,0.5824481629999999,0.7992863079999998,0.74642,11.452417360000002,14.485357830000002,23.31946951,7.9,0.6428169399999999,1,1,68.9,61.5,76.1,76.41000000000001,77.99900000000001,74.94600000000001,0.8678461540000001,1.1500000000000001,24.24760602,1010.3669999999998,149.99273100000002,1409.517397,85.131175,58,207.722,13.981,13.598799999999999,7.848,7.5952,8.303500000000001,77.4,74.02,82,6.408,0.8400000000000001,4.7,10.8,9.7,24.66,0.9152542370000001
6.318280766826438,5.819419426606876,6.585661466666663,7.167,67.57289999999999,82.77995952,5.25316,17.99904191,17.23575855,-5.478840000000001,0.9847619999999999,Costa Rica,12,2017,17.27558886,13.743999999999998,12,40.61,54.5,69.5,14,15.37714,60.879062649999995,76.16203704999998,15524.994560000001,10418.985509999999,18851.445800000005,14636.381919999998,63,0.7192611109999999,0.974345115,0.2995608830000001,0.793864632,0.779460202,0.799983692,0.753178293,0.633573457,0.509047015,0.8542730770000001,0.8195,11.91328891,18.0333078,32.41347767999999,7.5,0.650704579,1,4,59.5,45.3,73.9,80.03,82.43900000000001,77.68199999999999,0.923538462,1.05,35.0877193,3.3789999999999996,0.464461,4.905769000000001,0.343374,78.6,0.201,15.8303,14.940199999999999,8.76355,8.7599,8.5108,52.866910000000004,53.759530000000005,51.88155,53.458999999999996,1.5857142859999998,8.5,22.7,1.5,31.424999999999997,1.254143646
6.179814973297735,6.470225503003353,6.159730899999991,6.046,131.608,241.31093280000002,48.550999999999995,20.443639469999994,21.1150319,-22.97527,1.6722100000000002,Cyprus,49,2017,11.32861333,19.234,3.5,47.27,56,79.4,12.6,14.57015,90.01422119000001,27.813966290000003,32415.132229999996,26580.19172,36543.257979999995,31567.688100000003,32,0.8081910560000002,0.983604509,0.085383507,0.868784385,0.860922309,0.8752728370000001,0.8692833120000001,0.713531678,0.706959084,0.8997827689999999,0.9832799999999999,11.7125,11.542146510000002,18.67334,3.6,0.768508019,2,10,62.8,58.1,67.5,80.66999999999999,82.795,78.539,0.933384615,1.07,17.85714286,0.8230000000000001,0.15825400000000003,1.179551,0.065374,66.8,0.002,14.9571,14.197,12.10394,12.0072,12.201099999999999,78.63918,76.81127000000001,80.65957999999999,4.582,1.0571428569999999,10.8,23.1,NA,24.128,1.1105769230000002
6.232681423411334,5.886973223520239,6.34445123333333,6.852,151.696,62.07833552000001,4.26935,26.337690110000004,25.225427099999997,-7.238544,1.66385,Czech Republic,20,2017,5.245476666999999,29.005,2.9,44.71,58.1,59.3,14.2,16.85478,78.58478546,345.33968560000005,32605.90633,23223.5037,38206.39583,30588.30081,27,0.892866667,0.985537872,0.12406033400000001,0.8875614289999999,0.880715431,0.8936393570000001,0.86452257,0.8785776750000001,0.7708422130000001,0.8759086000000001,0.9705499999999999,1.6003500000000002,5.332030882,10.83608,3.3,0.8402363789999999,2,3,59.9,52,68.3,78.877,81.74100000000001,75.972,0.9058,1.06,21.07142857,6.966,2.0203340000000005,10.618302999999997,0.529114,73.7,1.277,17.6353,16.1122,12.740349999999998,12.629199999999999,13.0729,99.78388,99.81315000000001,99.76883,9.995000000000001,1.384615385,3.1,8.3,NA,23.436,1.0641025640000004
7.3263093241810955,7.052830697089644,7.1692179333333215,7.6,103.362,200.66188209999999,-0.697618,21.005316779999998,20.37872449,4.289475,0.41602900000000004,Denmark,2,2017,7.36396,30.824,2.6,47.94,59.4,78.6,5.8,19.06606,100,269.33957699999996,46682.51472,40293.09513999999,55624.350170000005,47918.491669999996,11,0.919593,0.979697499,0.039864738,0.929474111,0.9190315020000001,0.9380768070000001,0.9323290510000001,0.880118827,0.7980801009999998,0.9047407380000001,0.972,4.2925699999999996,7.501785682,14.39931,3.4,0.8597469550000001,1,3,63.1,59.2,67.2,80.87799999999999,82.768,78.96300000000001,0.936584615,1.06,37.4301676,3.66,1.128206,5.733551,0.28545400000000004,87.8,0.002,19.7795,18.375,12.58779,12.7166,12.428299999999998,90.69111000000001,90.12971999999999,91.25282,4.122999999999999,1.145454545,5.9,11.4,NA,25.824,0.919354839
5.466054155858067,5.315749568231384,5.503674066666664,5.425,52.920700000000004,57.775245690000006,4.73742,21.831290130000003,21.902283089999997,-7.226498,8.136,Dominican Republic,77,2017,20.849822760000002,10.955000000000002,12.4,45.01,63.1,70.2,40.9,13.740859999999998,54.14283752,157.20743670000002,14600.860579999999,8908.700808000001,18974.726980000003,13920.994260000001,94,0.642537556,0.9894215889999999,0.450658339,0.735797919,0.7277406030000001,0.7355212489999999,0.745608548,0.519969449,0.536287633,0.7034555079999999,0.73476,19.075633039999996,21.03302063,28.073835250000002,15.4,0.5810373909999998,1,14,66.8,54.4,79.5,74.048,77.3,70.99900000000001,0.8315076920000001,1.05,24.324324320000002,6.861,0.7515919999999999,10.766998,1.0553739999999998,80.3,0.43200000000000005,14.498199999999999,12.9791,7.825409999999999,8.140799999999999,7.4876000000000005,56.61133,58.63266,54.44623,94.971,2.162162162,5.5,12.4,3.8,45.98,1.493975904
5.8998453761477965,5.1659586929728665,5.667971233333318,6.028,42.036,38.128367420000004,0.5884389999999999,25.361305520000002,24.34825365,-6.886514999999999,2.7645700000000004,Ecuador,50,2017,19.408769789999997,11.020999999999999,26.9,42.71,64.9,54.5,45.6,14.65794,42.60633850000001,175.9231905,10581.93643,7388.491354999999,13307.316579999999,10346.619440000002,86,0.6972176669999999,0.9782103799999998,0.384881042,0.7518997530000001,0.740573238,0.757069495,0.700784537,0.6009633969999999,0.48689930800000003,0.749083246,0.68592,13.805483430000002,19.811428130000003,30.52082594,13.9,0.602937673,5,19,68.3,55.4,81.3,76.551,79.32199999999999,73.869,0.870015385,1.05,37.956204379999996,10.716,1.181064,16.624858000000007,1.612874,63.7,1.256,15.4,13.8681,8.70158,8.6135,8.761,52.18167,52.12163,52.24691000000001,73.91700000000002,1.5897435899999999,4.9,10.9,10.8,44.117,1.2823529410000003
5.876381333030174,5.716958027882729,5.966238633333338,5.893,151.58100000000002,4.7817805589999995,3.29088,25.36399318,23.738412639999996,7.980994,1.9258199999999996,Estonia,55,2017,8.513613333,30.309,3.9,49.839999999999996,58.5,66.2,5.7,16.088419999999996,98.37523650999998,38.78199713,29481.25181,21896.17314,37043.213059999995,28993.247720000003,30,0.8691482220000002,1.018956234,0.121515889,0.8710420390000001,0.876272901,0.8599710880000001,0.856432834,0.8490495170000002,0.6943239729999999,0.8496540460000002,0.98408,2.3124599999999993,8.825514604000002,18.928379999999997,4.3,0.7941680969999999,6,7,62.8,56.4,70.3,77.709,81.992,73.02,0.8878307689999999,1.06,26.732673269999996,0.8410000000000001,0.25475099999999995,1.309632,0.06695799999999999,68.7,0.28600000000000003,16.894800000000004,15.3188,12.667430000000001,13.014,12.235999999999999,100,100,100,12.625,0.824324324,6.8,13.9,NA,25.502,0.8527607360000001
4.188872561200686,5.6100335588867365,4.857965933333335,4.166,44.7867,99.04792184000001,3.14047,15.27377522,14.821585010000002,-13.20589,9.56961,Egypt,137,2017,28.289303329999996,8.406,24.8,16.43,42.2,49.6,20.1,13.08981,26.994419099999998,1029.2058870000003,10550.2065,4080.9968689999996,16489.09702,10354.801809999999,115,0.6042058330000001,0.8719660100000001,0.44880739100000006,0.695607556,0.6358037320000001,0.7291611419999999,0.7009039479999999,0.380994616,0.4463005890000001,0.7025895999999999,0.9140400000000001,36.942910000000005,29.196991060000006,36.325,11.6,0.49251108,5,6,48,22.2,73.7,71.661,73.96900000000001,69.453,0.794784615,1.06,14.932885910000001,59.868,5.032773000000001,97.553151,12.917855,42.7,22.110000000000003,13.0571,13.1214,7.218,6.5,7.934,64.48,58.220000000000006,70.66,50.042,2.9759036139999995,12.1,34.4,42.7,54.54,1.158249158
7.311371423417136,6.180336701178079,7.157851966666648,7.769,76.71640000000001,120.8230062,4.307979999999999,22.804914060000005,22.59419654,1.149054,0.34960699999999995,Finland,1,2017,5.494876666999999,34.039,3.9,49.03,53.2,73.8,10.1,17.6396565,99.58627319,223.68020610000002,40585.72102999999,34504.097429999994,47690.734039999996,41002.270939999995,15,0.904644125,1.0003342489999998,0.05787096800000001,0.919652775,0.9174157249999999,0.917109183,0.908783386,0.887116916,0.802027148,0.9196017230000001,0.98937,1.9374699999999998,5.601299406000001,11.747159999999997,2.8,0.8681402700000002,2,6,58.3,54.8,61.9,81.49600000000001,84.288,78.712,0.946092308,1.05,42,3.445,1.172498,5.523231,0.29747300000000004,85.3,0.005,18.3758,16.9373,12.43961,12.6062,12.2627,100,100,100,6.769,0.9550561799999999,8.7,19.9,NA,26.307000000000002,0.93427229999999994
4.989142467176481,5.126911685781779,4.883000233333333,4.519,112.579,61.55000664999999,11.8869,31.89431929,29.54170031,-10.044049999999999,11.834,Georgia,119,2017,11.989,22.537000000000003,40.9,46.37,59.8,46.6,57,15.03581,63.61225891000001,36.22343279000001,9745.078903999998,6176.573109999999,12480.53685,9186.409714,70,0.844813722,0.975028353,0.34978376,0.7798223289999999,0.7664571099999999,0.7860869959999999,0.6828187749999999,0.826143339,0.507627962,0.7555028309999999,0.8626000000000001,2.21,12.578816830000001,25.657000000000004,8.1,0.681729906,2,5,67.6,57.9,78.8,73.436,77.639,69.17199999999998,0.822092308,1.08,16,2.58,0.5814839999999999,3.9120609999999996,0.265845,58.2,6.526,15.319400000000002,14.777199999999999,12.81457,12.799199999999999,12.8276,95.46390000000001,95.05256,95.95354,45.903,0.6449275360000001,11.6,29.3,16.8,29.084999999999997,0.9832214770000001
4.995421190414542,5.3425170484632005,5.075431433333339,4.996,90.63229999999999,30.55149677,6.87722,16.05856613,15.26753854,-12.201939999999999,7.4718100000000005,Ghana,98,2017,28.81312667,5.826,40.7,52.68,75.1,45.2,66.1,11.61575,53.72341919000001,121.89791050000001,4227.629844000001,3348.802625,4848.654055,4096.1737889999995,140,0.5580597220000001,0.909606705,0.538128085,0.5917381939999999,0.5631928780000001,0.61916087,0.5608153100000001,0.363158201,0.41884755,0.48859006200000005,0.8441000000000001,34.92485,28.949159569999996,25.31453,26.2,0.4204349600000001,1,5,76.9,74.8,79.2,63.033,64.05799999999999,61.976,0.6620461539999999,1.05,12.727272729999997,16.75,0.975878,28.833629,4.124014999999998,55.4,16.973,11.4501,11.774799999999999,7.061999999999999,6.262,7.938000000000001,62.14,54.620000000000005,70.36,66.611,1.181818182,2.4,4.9,25.7,66.31,1.0888888890000001
6.249042339290211,5.444045121312587,5.9013340333333435,6.436,45.657199999999996,40.47097619,1.36842,12.064398939999998,12.3086539,-2.393147,11.178099999999999,Guatemala,27,2017,27.717891130000005,7.79,29.4,43.06,60.3,49.6,34.7,10.75103,42.08628082,125.562592,7423.807591999999,4767.545813,9868.617814,7278.1423030000005,127,0.5144443889999999,0.9476920950000001,0.493206418,0.650311623,0.6298934220000001,0.664660416,0.6476455190000001,0.334620713,0.43911180000000005,0.6933747689999998,0.7219099999999999,34.95493,28.18026393,32.198743400000005,16,0.46705209100000006,12,14,62,40.6,85,73.654,76.83,70.418,0.825446154,1.05,12.65822785,10.190999999999999,0.7939129999999999,16.913503,2.039671,50.7,16.288999999999998,10.7256,10.896,6.47414,6.4285,6.519,37.811476739999996,38.400386340000004,37.22256713000001,70.93,1.727272727,2.7,5.8,13.4,58.171,1.318181818
5.759243026690679,5.267651408622216,5.646237366666672,5.86,102.41600000000001,58.44881567,5.50331,23.775340739999997,23.07506164,-7.7883830000000005,18.8122,Honduras,59,2017,25.24875312,7.302,28.5,48.05,65.1,50.3,36.1,10.22359,40.950687409999986,42.08003736,4541.795257,3277.137963,5158.70927,4215.293803,133,0.501692944,0.9776061709999999,NA,0.6167167489999998,0.6080147489999999,0.621942422,0.5651454700000001,0.38781746600000006,0.367638333,0.6775523999999998,0.74382,22.698241999999997,25.599143239999997,34.94801735,18.1,0.45884254500000005,1,3,68.1,50.9,85.8,73.774,76.34100000000001,71.223,0.827292308,1.05,25.78125,5.902,0.43100600000000006,9.265067,0.9531050000000001,56.5,14.427,10.6609,9.7968,6.53113,6.5598,6.4959,35.50286081,36.76064065,33.53712875,70.789,1.384615385,4.5,8.2,21.9,49.674,1.389830508
5.611555293093895,5.89368336667278,5.448955199999992,5.432,100.356,77.01990036000001,3.82979,20.519193310000002,19.869132279999995,-2.130295,4.53271,Croatia,75,2017,8.786983333,30.073,7.5,47.120000000000005,45.8,65.4,8.7,14.962450000000002,82.69694519,93.52877960999999,22669.79655,17507.406720000003,27164.19592,22162.337259999997,46,0.7912006109999999,0.991139928,0.123815504,0.831102279,0.8278274500000001,0.8352276270000001,0.8158488970000002,0.7515899439999999,0.6750778409999999,0.852875585,0.89932,5.0064,8.99071719,17.254550000000002,4.1,0.756380223,2,11,51.3,45.5,57.7,77.807,81.02799999999999,74.51,0.889338462,1.06,18.543046359999998,2.748,0.826315,4.1893530000000005,0.191606,56.7,24.873,15.6877,14.2691,11.267309999999998,11.152000000000001,11.6501,95.72111163000001,94.53178979,96.93560563000001,8.925,1.0970873790000002,10.8,25.9,NA,22.396,1.003875969
5.771471826186408,6.358557626369617,5.8668898666666625,5.758,172.36,58.43428238,-10.6619,22.54366504,21.5192431,1.236175,3.33318,Hungary,62,2017,7.691553333,27.683,5,46.8,53.2,64.8,5.9,15.08309,72.15751648000001,261.91472289999996,26777.560790000003,19930.589519999998,31413.47929,25392.97167,45,0.8152883889999999,0.985146106,0.258590754,0.8378446340000002,0.8303121639999999,0.8428314930000002,0.8364042740000001,0.7890365919999999,0.709649548,0.8219698310000001,0.92871,3.21994,7.848553165999999,15.15472,4.7,0.7720859520000001,1,1,55.6,47.9,64.2,76.063,79.44100000000002,72.483,0.8625076920000001,1.06,10.05025126,6.523999999999999,1.8059949999999998,9.721559,0.43262100000000003,71.1,3.3359999999999994,15.3947,14.7808,11.889410000000002,11.681099999999999,12.130299999999998,96.76661000000001,95.72996,97.96878,19.678,1,4.3,11.3,NA,21.335,1
5.087845135548369,5.077138196103224,5.339673033333328,5.192,39.5362,46.967489949999994,2.1740399999999998,33.44721083,32.162932980000015,-4.018898,0.887438,Indonesia,92,2017,18.70737104,7.901000000000001,31.2,39.4,63.4,47.1,47.5,12.81311,51.354919429999995,2953.7319620000003,11188.744020000002,7259.1668340000015,14384.77764,10846.33795,116,0.621791389,0.932200064,0.4533849960000001,0.693979664,0.6661485709999999,0.7145982889999999,0.707909483,0.519500313,0.5318447130000001,0.646930154,0.76276,16.45102801,18.82992625,24.871085100000005,14.8,0.563303805,4,25,66.3,50.7,81.8,69.35499999999999,71.554,67.29,0.759307692,1.05,19.82142857,177.73,14.042962,263.9913789999999,24.724942,54.7,7.044,12.844299999999999,12.7874,7.9761500000000005,7.451600000000001,8.385000000000002,48.80207,44.46585,53.21026,47.373999999999995,0.8666666670000001,4.3,15.6,27.6,40.634,1.0064516129999999
7.4456202637776645,6.700472692683834,7.0351676000000065,7.494,89.8126,100.19937159999999,-29.3746,22.168047339999998,22.13852139,10.80147,0.8759020000000001,Iceland,4,2017,5.9032100000000005,22.039,3.6,47.94,75.1,79.8,7.8,19.347880000000004,NA,15.863889940000002,46482.95829000001,38003.81714,53562.240079999996,45810.19585,6,0.912126,0.965665316,0.061881114,0.9348792520000002,0.919615409,0.9523127679999999,0.9255323289999998,0.8888288430000001,0.8074763309999999,0.9446478770000002,0.8723200000000001,2.55416,6.031179365000001,12.75547,2.4,0.8784950070000002,3,8,77.3,72.8,81.8,82.912,84.353,81.468,0.967876923,1.05,38.09523810000001,0.21900000000000003,0.048347,0.33502499999999996,0.02188,93.8,0.003,20.495199999999997,18.235699999999998,12.363780000000002,12.3243,12.738099999999998,100,100,100,6.805,1.0357142859999997,2.9,6.2,NA,30.685,0.9538461540000001
4.59428522143991,5.4659343379972976,5.03949786666667,4.509,39.3999,42.62557027000001,0.896377,19.27294565,18.856316569999997,0.4814551,2.6194399999999995,Kenya,121,2017,26.265173329999996,4.726,38,39.51,57.9,47.8,54.3,12.077442000000001,77.74636841,148.7531009,2993.0284479999996,2529.1995720000004,3397.6141730000004,2960.7996989999997,142,0.551351167,0.931158339,0.5494081009999999,0.589920177,0.5677152930000001,0.6096871709999999,0.511783539,0.42511645000000003,0.342383188,0.561671569,0.8006700000000001,22.895519999999998,26.428827589999997,33.1,22.8,0.4340111910000001,7,11,65.4,62.4,68.5,67.29100000000001,69.669,64.924,0.727553846,1.03,23.261390889999998,28.253,1.3351520000000001,49.699862,7.098565,26.6,7.574,11.706199999999999,12.4772,6.476000000000001,5.746,7.1,34.6,29.22,36.552,80.489,1.936708861,11.5,26.2,26.8,71.18499999999999,1.303482587
5.310959055801957,4.591431693926996,5.178310533333334,5.261,102.206,20.45991271,1.2398399999999998,32.24492311,30.295459179999998,-1.2974979999999998,32.8601,Kyrgyzstan,86,2017,9.751073332999999,7.05,26.7,38.74,57.2,51.1,36.5,13.40113,38.854999539999994,21.044626609999998,3393.4736130000006,2159.4717990000004,4369.315468000001,3255.238583,122,0.7347946110000001,0.960038694,0.392110616,0.672193033,0.6539121679999998,0.6811310549999999,0.526104554,0.6982072029999999,0.46205684900000005,0.690610015,0.98368,4.979270000000001,9.813085403,12.17395,12.1,0.6062301569999999,6,5,61.6,48.2,75.7,71.069,75.13,67.111,0.7856769229999999,1.06,19.166666669999998,3.8489999999999998,0.271351,6.045116999999999,0.756843,36.1,2.777,13.6522,13.1592,10.876230000000001,10.945400000000001,10.8032,98.42,98.56,98.34,38.116,1.3968253969999997,7.3,15.7,16.7,50.016,1.2076923079999997
5.965075143576601,6.468154826056747,6.142973166666668,5.895,80.7792,170.05646850000002,1.11402,31.07565107,31.120952770000002,4.734303000000001,0.406604,South Korea,54,2017,13.985834180000001,19.162,4.9,41.99,60.3,70.3,24.1,16.49749,94.68531035999999,1849.611591,35938.374220000005,22572.106569999996,49297.12327,35944.709489999994,22,0.8621412780000002,0.9320127039999999,0.06308091399999999,0.9025611259999999,0.8659739960000001,0.929143983,0.888897573,0.7024942449999999,0.7089847039999999,0.9286992000000002,0.7815099999999998,18.517502529999998,14.314313979999998,20.24,3.2,0.773365693,2,2,62.6,52.2,73.2,82.361,85.304,79.21000000000001,0.9594,1.07,17,37.019,7.09373,50.982212000000004,2.229763,81.5,0.24200000000000002,15.869000000000002,17.0515,12.11633,11.4068,12.852900000000002,95.56,89.75212184,95.56087009999999,1.643,0.923076923,3.8,10.7,0.2,18.555,0.9727272730000001
5.987694935031421,6.0298181875703865,5.752700966666662,6.149,160.602,13.39501104,2.25055,17.453375710000003,18.826932279999998,2.2422,2.75967,Lithuania,42,2017,11.26524,28.716,7.8,52.55,56.3,67.2,10.2,16.104770000000002,81.01387024,83.48638302,29524.264600000002,24365.966630000003,32934.37193,28313.596780000003,35,0.8793890560000002,1.0257639889999999,0.123331307,0.858135145,0.8682451970000001,0.8464375879999999,0.8528496680000002,0.8396691620000001,0.6491980370000001,0.797085046,0.9883799999999999,4.5167600000000006,11.73788455,23.878960000000003,5.4,0.7574082320000001,3,6,60.6,55.9,66.2,74.768,79.95400000000001,69.399,0.842584615,1.05,21.27659574,1.9129999999999998,0.5492250000000001,2.890297,0.15191300000000005,67.5,0.07300000000000001,16.5663,15.6606,12.961030000000001,12.9541,12.969800000000001,93.785,91.75601,96.35735,10.683,0.731707317,7.1,13.5,NA,22.4,0.9121621619999999
5.633899368484424,6.098620543704315,5.762507166666671,5.94,122.262,76.30758714999999,3.75909,21.4689507,19.92483486,6.534063000000001,4.18021,Latvia,53,2017,10.11449,30.465999999999998,7.5,52.2,55.1,68.5,8.9,15.758349999999998,92.54244231999999,48.6424076,25063.84555,20822.01385,29924.476310000002,25002.465090000005,41,0.8658576110000001,1.0297228109999998,0.19589219400000002,0.8471430390000001,0.8583644560000001,0.8335878809999999,0.834063211,0.833765465,0.6611029389999998,0.7921627539999998,0.98763,3.7064,10.44584858,20.737070000000003,5.9,0.75865176,2,4,60.6,55.2,67.3,74.71900000000001,79.383,69.736,0.841830769,1.06,16,1.264,0.385146,1.9496699999999998,0.094976,68.1,0.164,16.4618,15.0797,12.84377,13.166400000000001,12.5415,99.2765,99.44477,99.08039,13.463000000000001,0.766990291,9.1,17,NA,23.759,0.8133971289999999
5.187615876959339,5.6537879788599925,5.3426871333333334,5.208,83.45620000000001,109.3956705,2.42382,33.16937739000001,30.501809160000004,-1.4488779999999999,6.2739,Morocco,89,2017,NA,10.282,37.5,17.77,44.4,43,50.7,12.42933984,16.806446079999997,271.64764690000004,7485.012951000001,3197.105583,11561.11962,7339.621319000001,123,0.52905944,0.83810912,0.4823814990000001,0.6665125699999997,0.597879988,0.7133677149999998,0.6489161389999999,NA,NA,0.7417036920000001,0.88607,NA,NA,NA,14,NA,1,1,49,25,74.1,76.059,77.21700000000001,74.86,0.862446154,1.06,18.446601939999997,23.53,2.4192629999999995,35.739580000000004,3.5015,61.9,3.098,12.0245,12.810500000000001,5.513999999999999,4.532,6.523999999999999,31.3,27.979999999999997,34.78,31.095,1.1098901099999998,9.3,18,8.2,41.606,0.97826087
5.604915309802704,5.154631161998659,5.430794199999999,5.529,113.20100000000001,24.277831210000002,2.56456,23.272682529999994,21.856167160000005,-2.543768,20.171800000000005,Moldova,71,2017,10.317430000000002,14.801,33.3,52.160000000000004,40.6,49.6,28.7,11.633859999999999,44.55144882,18.4231019,5189.97166,4849.192580000001,6317.809763,5553.85036,112,0.709674778,1.004911021,0.226193978,0.6997533989999999,0.7009425479999999,0.6975170269999998,0.606802435,0.657665197,0.521706646,0.719278031,0.96795,7.32865,10.36086476,14.02364,9.6,0.627252896,9,7,42.5,39.5,45.8,71.718,75.99600000000001,67.44100000000002,0.795661538,1.06,22.772277229999997,2.973,0.440104,4.0512120000000005,0.21307,42.6,2.34,11.9231,11.355300000000002,11.59536,11.475000000000001,11.695500000000001,96.37617999999999,95.50932,97.37906999999998,21.956,0.517241379,4.5,12.8,0.9,21.444999999999997,0.96969697
5.368171801376507,5.402790216768861,5.354244899999999,5.274,123.96000000000001,59.76932598000001,3.79877,31.63355857,23.257652760000003,-2.0487130000000002,2.77258,North Macedonia,84,2017,12.431818679999997,18.929,16.4,39.67,42.4,53.8,22.8,13.328259999999998,72.88609314,27.31275567,13111.213570000002,9114.300572999999,15896.57714,12504.945609999999,80,0.6912947779999999,0.9459240870000001,0.14900119800000003,0.7566871879999999,0.7312294340000001,0.7730318370000001,0.729404216,0.618450697,0.581640664,0.8033951540000001,0.97086,10.537339999999999,12.626452330000001,20.258116029999996,6.5,0.6611444409999999,3,17,55,42.5,67.6,75.851,77.906,73.85,0.859246154,1.05,37.5,1.4589999999999999,0.276225,2.0831600000000003,0.11834499999999999,57.7,1.6640000000000001,13.4922,13.1722,9.631959999999998,8.9444,9.9017,47.79691000000001,40.47339409,56.0347893,16.201999999999998,0.93220339,23,46.9,4.9,23.826,1.006437768
4.972893105076832,4.812891334077644,5.1725163,5.285,116.588,65.30787867,13.0079,36.15995041,23.764772439999998,-16.87732,2.3795599999999997,Mongolia,83,2017,13.673400000000001,6.08,30.4,47.41,55.2,50.6,46.9,15.456470000000001,94.95379639,36.418262840000004,11840.846119999998,8481.818404,11759.185379999999,10103.050229999999,92,0.7662990560000001,1.022981176,0.3009910539999999,0.7408163149999999,0.74982008,0.7329754420000001,0.6971860169999999,0.674954676,0.5877278130000001,0.659026,0.9459500000000001,11.9202,13.68745371,15.7,13.4,0.6394174249999999,1,1,59.3,52.7,66.2,69.465,73.729,65.44000000000001,0.761,1.03,17.105263160000003,2.0389999999999997,0.123977,3.0756469999999996,0.365806,68.4,2.228,15.9496,14.972600000000002,10.10858,10.631899999999998,9.7663,88.78,91.22,86.34,23.632,0.746835443,7,18.9,2.1,44.747,1.0441988949999998
6.395693380895294,5.582502434581523,6.0670479333333285,6.595,77.5655,55.21909096,2.75897,23.14740088,22.348622519999996,-2.9356299999999997,2.66258,Mexico,23,2017,20.75255593,10.316,13.1,40.449999999999996,59.2,61.1,27.2,14.104169999999998,33.28747559,2239.2351400000002,17336.46907,11064.613460000002,22872.888830000004,16944.09546,74,0.6784774999999998,0.9538006680000001,0.342957918,0.774034621,0.7524087549999999,0.7888532489999999,0.7752942230000001,0.5621755330000001,0.520873223,0.773176692,0.6781299999999999,17.14161,21.259073160000003,32.816057799999996,12.3,0.6094820339999999,1,4,61.3,44.1,79,77.30499999999999,79.71000000000001,74.91700000000002,0.8816153849999999,1.05,41.40127389,85.861,8.857168,129.163276,11.547013999999999,79.9,11.677,14.4002,13.815500000000002,8.60085,8.4221,8.8033,59.325450000000004,57.84448999999999,60.985479999999995,60.264,1.028571429,3.5,6.9,11.3,40.117,1.078125
4.801217310848442,4.412234830102325,5.069082066666656,4.466,108.90700000000001,32.61505135,18.8025,35.554484469999984,21.66968008,-18.713860000000004,1.39367,Mozambique,123,2017,32.60155667,6.068,73.3,30.479999999999997,59,22.4,84.6,9.66901,32.87394714,33.70683839000001,1136.102564,1052.037544,1135.269325,1092.688158,180,0.385220944,0.904037117,0.5523470930000001,0.4365799110000001,0.41428562100000005,0.458261738,0.361208385,0.254977242,0.258644926,0.385131815,0.83035,33.81013,32.67011932000001,28.39454,35.6,0.2939487330000001,10,15,78.8,82.5,74.6,58.872,60.966,56.671,0.5980307689999999,1.03,39.6,15.443,0.937032,29.668834,5.047312,35.5,0.05,9.1731,10.165600000000001,3.49912,2.4957999999999996,4.5833,19.283676139999997,16.062168279999998,27.286662699999997,135.24699999999999,1.179824561,25,42.7,76.8,86.05,0.9793577979999999
5.2442112477107505,5.961377524351289,5.22167373333333,4.639,84.17269999999998,78.85842744,3.1501,17.64695623,16.04917362,-1.7797599999999998,0.31025099999999994,Namibia,113,2017,32.93375,5.945,20.2,49.75,47.3,60.2,25.3,12.34296,80.66267395,24.176976600000003,9541.808292,8894.989121999999,9906.736067000002,9387.195907,129,0.57086,1.0135244269999997,0.472001458,0.64652527,0.65053885,0.641858087,0.686084817,0.428055546,0.31844228900000005,0.5506200000000001,0.9664299999999999,25.01567,34.75576978,53.58558,20.2,0.4218204350000001,6,20,61.7,58.5,65.2,64.85,67.724,61.821,0.69,1.03,36.301369859999994,1.514,0.090011,2.5337940000000003,0.34851099999999996,49,1.372,12.4321,12.2458,6.84,7.1499999999999995,6.553999999999999,40.4,39.879999999999995,41.04,73.81,1.142201835,23.3,45.5,26.4,61.412,1.1848958330000001
5.653527903020066,5.258564725092139,5.7232030666666684,6.105,96.6509,51.357969239999996,6.4903900000000005,28.986794319999998,28.105887160000005,-5.890289,10.0961,Nicaragua,45,2017,22.61453355,8.31,29.4,50.13,63.7,53,39.4,12.07148158,24.79252815,33.0865061,5321.443515999999,3433.7192609999997,6929.746137,5157.315656000001,124,0.557985599,0.9660017909999999,0.45592138100000007,0.657739789,0.642160793,0.664761493,0.5956129479999999,0.4145668070000001,0.42145188200000006,0.7457502,0.8536300000000001,25.702955960000004,22.9230503,29.240644699999997,12.9,0.506965766,1,1,66.6,50.3,84,75.65299999999999,78.62799999999999,72.603,0.8562000000000001,1.05,45.65217391000001,4.074,0.33854599999999996,6.217580999999999,0.591694,58.3,1.478,12.3396,11.8049,6.68,6.94,6.4,47.5,48.28,46.56,85.396,1.333333333,4.4,8.5,8.8,44.309999999999995,1.268656716
7.487972784927134,6.874871871599101,7.12664379999998,7.488,161.24699999999999,191.91113090000002,38.1193,20.158408440000002,20.303122889999997,5.672083999999999,0.17595800000000003,Netherlands,5,2017,7.775816666999999,28.976,2.2,46.33,60.4,81.3,12.7,18.04483,99.83270264,830.4730286,48472.54454,38766.63045,57122.75785,47899.761569999995,10,0.906333667,0.966478777,0.04364752700000001,0.9306385930000001,0.9127955700000001,0.944454851,0.932269996,0.8582483150000001,0.792224677,0.9253053849999999,0.94311,5.305479999999999,7.926550665999999,15.021969999999998,3,0.8568710530000002,2,7,63.5,58,69.2,82.005,83.724,80.253,0.9539230770000001,1.05,35.55555556,11.040999999999999,3.199108,17.035938,0.896712,91.1,0.045,18.3201,17.778299999999998,12.19001,11.905400000000002,12.4861,88.33686,86.37798,90.37665,3.993,1.177777778,4.9,8.8,NA,25.326,0.956521739
5.6117995511204635,5.461670502722691,5.432474466666667,5.631,70.65579999999999,66.26664256000001,3.2045700000000004,25.017173980000003,25.16052518,-1.3460550000000002,10.462500000000002,Philippines,69,2017,17.580713329999995,7.5649999999999995,26,44.9,60.6,56.3,35.4,12.59039,38.85416411999999,797.2922967999999,7599.18806,7581.577549,10705.15922,9153.543520000001,113,0.660628722,1.000265427,0.42743586800000005,0.6989323729999999,0.698653633,0.6984682409999998,0.6822773749999999,0.5842851459999999,0.49952296600000007,0.6484265849999998,0.6477900000000001,11.5562,17.85548878,26.785939999999997,14.4,0.5741345809999999,11,11,62.3,49.6,75.1,69.238,72.816,65.94100000000002,0.757507692,1.06,29.113924050000005,66.604,5.038839,104.91809,11.611498,46.7,0.43400000000000005,12.876500000000002,12.3198,9.32687,9.4839,9.1647,73.22,76.61345204,72.38818411999999,60.499,1.111111111,2.8,7.9,18.2,49.961,1.1285714290000002
5.66976271969954,5.397843673567037,5.485713733333328,5.653,25.788099999999996,53.861942449999994,0.9230970000000001,16.0943642,14.4943642,-1.29955,6.45643,Pakistan,67,2017,29.59689637,7.402,42,10.18,52.2,34.3,59.7,8.58696,7.025063992000001,991.9177567999999,5034.707755999999,1641.678654,8785.578633999998,5311.219289000001,150,0.41148466700000014,0.7503431639999999,0.5410375749999999,0.561602586,0.465369348,0.620208687,0.600054773,0.22135287199999998,0.5305420279999999,0.4949847690000001,0.86233,46.20628912,31.02318062,11.5844,31,0.38737560100000007,17,24,54.4,24.9,82.7,66.62899999999999,67.696,65.634,0.7173692309999999,1.09,20.04504505,119.642,8.855747000000003,197.01595499999996,25.122501999999997,36.4,128.929,7.802,9.3152,5.18874,3.7855000000000003,6.5328,37.33127999999999,26.97026,47.255160000000004,36.908,2.1875000000000004,4,7.7,31.2,57.27,1.1492537310000002
5.832237016936559,5.969695308796837,5.935272699999998,6.182,102.79,73.69996857,1.19502,19.953447519999997,18.018301160000004,-1.2998809999999998,1.3092199999999998,Poland,40,2017,8.848206667,24.5,10.6,45.63,53.8,58.1,17,16.4332,87.96221924000002,1033.567383,27216.444880000006,20366.6801,32342.97255,26150.40263,33,0.866277111,1.006231068,0.132132453,0.8650750410000001,0.866314535,0.8609498980000002,0.8408441280000001,0.825436217,0.696806772,0.8469970770000002,0.9696,4.714529999999999,9.042436959000003,17.130090000000003,4.7,0.786851176,1,4,56.6,48.8,65.1,77.77,81.609,73.856,0.888769231,1.06,25.535714289999998,26.116000000000003,6.3984559999999995,38.17071200000001,1.774073,60.1,1.122,17.264499999999998,15.637899999999998,12.29398,12.3212,12.2637,86.17493686999998,81.08059,86.94408000000001,12.706,1.0204081630000001,5,14.7,NA,21.657000000000004,1.020833333
5.768585055708719,5.665651677522042,5.695599866666664,5.743,84.579,43.958817259999996,1.47745,19.473723409999998,19.090129239999996,-2.878087,2.3678399999999997,Paraguay,63,2017,24.75498667,9.931,21.2,42.32,66.3,59.3,39.1,12.68790331,46.04944992,60.123387130000005,8827.010058000002,6212.423647,10485.99978,8380.129335,110,0.630823425,0.9716438380000001,0.4673773810000001,0.701662434,0.6897535659999999,0.7098831259999999,0.6689425179999999,0.5253563089999999,0.40440251000000005,0.6712772309999999,0.9488200000000001,16.718960000000003,25.539089120000003,39.546,18,0.5224642399999999,5,8,70.4,56.6,83.9,73.21100000000001,75.482,71.09100000000001,0.818630769,1.05,16,4.374,0.434443,6.811297000000001,0.6738559999999999,61.3,0.07700000000000001,13.1835,12.236099999999999,8.351450000000002,8.377600000000001,8.3244,48.04865,46.993170000000006,49.197970000000005,55.694,1.5957446809999998,5.8,12.8,4.4,45.776,1.2673267329999998
6.076313324807304,5.396930921816274,5.900446500000003,6.07,85.0147,32.8860379,2.3369299999999997,24.408353029999997,22.560118869999997,-3.9462579999999994,2.02976,Romania,48,2017,11.386590000000002,26.688,22.9,43.879999999999995,50.5,48,25.7,14.26534,53.590919490000005,456.62488820000004,23313.199339999996,18216.748410000004,27357.873559999996,22645.53847,52,0.762204778,0.9845361889999997,0.31050228500000004,0.8111917500000001,0.804268227,0.8169006240000001,0.819106946,0.7140325209999998,0.6467697120000001,0.7968456620000001,0.94738,6.320119999999999,11.6600598,21.03965,6.8,0.7166063069999999,7,14,53.2,44.1,63.1,75.574,79.042,72.12499999999999,0.8549846150000001,1.06,18.709677420000002,13.163,3.5128199999999996,19.679306,0.9318210000000001,53.9,1.212,14.618199999999998,13.9316,10.978359999999999,10.638099999999998,11.347999999999999,89.48691000000001,86.52654,92.69902,33.063,0.7586206900000001,5.2,18.4,NA,22.821,1.039548023
5.340019538264177,5.559320357504268,5.519327666666671,5.603,113.709,54.217234489999996,6.9483500000000005,20.998535849999996,18.45644775,-4.291004,8.65769,Serbia,70,2017,14.633343329999999,26.24,19,45.08,46,56.6,28.1,14.641879999999999,70.12700652999999,98.65500492999999,14048.88064,10672.354969999999,15474.152240000001,13018.708129999999,67,0.7776255560000002,0.9762500599999999,0.18084722,0.786693035,0.7768010390000001,0.795698839,0.7354862019999999,0.714388112,0.52463768,0.7908362619999999,0.9566900000000002,8.132119999999999,15.247057389999998,28.667910000000003,7.1,0.6667454960000001,2,14,53.5,45.9,61.7,75.333,78.17599999999999,72.51400000000001,0.851276923,1.05,34.4,5.818,1.526563,8.790574,0.467331,55.9,34.986,15.0928,14.216,11.127199999999998,10.6939,11.6004,88.64245,84.64269,93.01813,18.884999999999998,1.119402985,14.1,32.8,0.5,24.863,1.0897009969999998
3.8022346253188766,5.193870103797175,4.3736186333333364,3.334,51.017199999999995,18.950778460000002,3.21137,23.37630748,22.90246341,-1.8973,2.3563499999999995,Rwanda,152,2017,29.81589333,5.229,66.5,35.839999999999996,85,25.4,80,11.220419999999999,44.96050262000001,22.636960000000006,1854.2107910000002,1567.9260170000002,2064.0863209999998,1811.223531,158,0.449877,0.941080154,0.38130451600000004,0.5239467120000001,0.5080181849999998,0.539824565,0.4375461730000001,0.318270612,0.27830640600000006,0.5567992620000002,0.8488800000000001,29.253860000000003,30.007364810000002,36.39382,23.8,0.366724111,1,5,86.2,86,86.3,67.49600000000001,69.62899999999999,65.32,0.7307076920000001,1.02,55.660377360000005,6.945,0.36313599999999996,12.208407,1.748807,17.1,258.99699999999996,11.2144,11.2275,4.14596,3.7027,4.6717,15.83225049,12.647837599999999,16.97736158,25.729,1.1666666669999999,1.3,2.1,70.8,70.554,1.4
7.250286011293952,6.439269632490459,7.007278666666664,7.343,86.44210000000001,165.0887147,5.358009999999999,25.680831490000003,24.922901460000002,0.37384870000000003,0.551346,Sweden,7,2017,7.246423333000001,31.985999999999997,1.9,48.28,59.7,80,6.4,17.634596950000002,100,472.6733631,46949.28309,41743.4801,53777.21849,47765.656030000006,7,0.904051582,0.991893221,0.04357771900000001,0.932804549,0.9267150180000001,0.9342890930000001,0.9318464900000001,0.8702185360000001,0.7893029569999999,0.9374480770000001,0.99181,3.7423800000000003,7.427404867999998,15.29689,2.7,0.863521379,1,3,64,60.8,67.4,82.62499999999999,84.318,80.91900000000001,0.9634615379999999,1.06,43.5530086,6.191999999999999,1.9806639999999998,9.910701,0.589973,87.1,0.016,18.354000000000003,16.9152,12.42605,12.5427,12.306700000000001,88.523565,88.35592999999999,88.69120000000001,5.239000000000001,0.901408451,6.8,18.3,NA,28.064999999999998,0.924242424
5.842647471955745,6.378704939621203,6.132599799999993,6.118,154.76399999999998,68.08150729,2.0966499999999995,19.28642561,18.47157335,5.840269000000001,0.822381,Slovenia,44,2017,5.54341,28.892,4.9,46.77,52.4,62.5,10.6,17.213870000000004,96.93920898000002,64.89762226000002,31400.839509999994,26897.97363,34341.21317999999,30593.9569,25,0.8855590560000001,1.002567467,0.054085583,0.896223829,0.897611527,0.8953128409999999,0.864550499,0.8657485680000001,0.766050791,0.9120387689999999,0.9370200000000001,2.23706,5.636422865,11.39317,3,0.8457088640000001,2,7,56.3,51.7,60.9,81.116,83.894,78.30199999999999,0.940246154,1.05,28.682170539999998,1.372,0.39648000000000005,2.079976,0.106349,54.3,0.018000000000000002,17.962999999999997,16.5102,12.221879999999999,12.211799999999998,12.337299999999999,98.10580999999999,97.43918000000001,98.93048,4.176,1.1562500000000002,6.9,13.3,NA,22.679000000000002,0.9779411760000001
6.204806111027457,6.3401320673102415,6.08675366666666,6.198,189.181,79.16292052,6.1832400000000005,22.40173912,21.201526499999996,-2.868916,2.2575200000000004,Slovakia,38,2017,6.6675866669999975,21.665,2.9,45.760000000000005,55.1,60.8,12.2,14.96488,83.13398742999999,164.0407708,30155.15212,22599.791110000002,36726.380670000006,29467.32283,38,0.8307747860000001,0.9905685549999999,0.17951578600000004,0.8552002370000001,0.84951182,0.8576002290000001,0.858882805,0.8188279120000002,0.744095523,0.8309876310000001,0.9620099999999999,1.43804,6.802524037999999,13.36472,5.2,0.797025035,1,4,59.8,52.5,67.7,76.977,80.40100000000001,73.44200000000001,0.8765692310000001,1.05,20,3.789,0.8209730000000001,5.447662000000001,0.280142,53.8,0.915,15.5159,14.434199999999999,12.452510250000003,12.2862,12.6157,99.27008,99.11829,100,22.027,1.2222222219999999,7.9,18.2,NA,22.094,1.1234567899999999
6.013038837122966,5.546051043476018,5.8670901000000075,6.253,72.54790000000001,89.33888608999999,1.3340500000000002,16.889440649999997,15.49921373,-4.358415999999999,20.3747,El Salvador,35,2017,21.923939389999997,12.857000000000001,18.8,49.660000000000004,58.6,60,35.7,12.60515,24.379959110000005,46.51022388,7292.457804,5226.4924869999995,8722.175952,6868.1076060000005,121,0.5799597220000001,0.968653193,0.392292731,0.6741587269999999,0.662574677,0.6840164079999999,0.6388862439999999,0.40407910700000005,0.49037414500000004,0.726038462,0.82928,30.32635,22.27590001,23.24546818,12.2,0.523983803,5,15,61.4,47,78.8,73.75,78.12599999999999,69.051,0.8269230770000001,1.05,32.142857140000004,4.103999999999999,0.5276480000000001,6.377853,0.5750810000000001,71.3,25.879,12.478299999999999,12.7503,6.894499999999999,6.663499999999999,7.3098,43.332,42.18479916,47.87677856,69.459,0.7799999999999999,4.5,9.9,6.3,42.545,1.020618557
5.163587367761517,5.485149786562931,5.459526033333343,5.373,54.17210000000001,77.85765181,1.2811599999999999,30.861839110000002,29.809081940000002,-3.8360839999999996,0.12313400000000002,Turkey,79,2017,15.263767999999999,12.187999999999999,19.4,27.45,45.8,53.8,28.5,15.237599999999999,54.29382324000001,2029.069113,25129.34065,15576.29867,34312.625219999994,24803.988730000005,64,0.688668667,0.921890589,0.31736459600000005,0.7906339809999998,0.7547909740000001,0.818742465,0.832859305,0.5954042439999999,0.644228409,0.7789559380000001,0.8759400000000002,13.54271322,15.44367727,22.64859077,9.6,0.6685310199999999,2,4,51.6,32.4,71.9,76.009,79.22,72.76,0.8616769230000001,1.05,14.571949,54.010999999999996,6.582747,80.74502000000001,6.728071,74.6,61.385999999999996,14.7365,15.749099999999999,7.96206,7.1057999999999995,8.837,52.228260000000006,44.868010000000005,66.04050061000001,25.848,1.4693877549999999,11.3,20.3,1.1,37.31099999999999,1.1600000000000001
4.86489721248511,5.484873582466943,4.928333133333331,4.332,102.215,58.65246529,2.16488,20.748595339999998,16.003647429999997,-3.561169,10.8485,Ukraine,133,2017,6.541327567,24.192,14.9,49.160000000000004,49.1,59.8,15.6,14.98815,61.32117462,335.39701749999995,7894.392926000001,6081.863731,10512.765179999999,8130.399165000001,88,0.7943374999999998,0.993059262,0.28473544399999995,0.7507097380000001,0.74578227,0.750994728,0.6643725799999998,0.7657472280000001,0.607736659,0.7415511539999999,0.9446800000000001,3.5992599999999997,6.565210457999999,8.524722701999998,7.5,0.7014240629999999,35,14,54.2,46.9,63,72.109,76.91900000000001,67.113,0.801676923,1.06,12.293144210000001,30.092,7.279883000000001,44.222947000000005,2.303013,69.2,139.32700000000003,15.1944,14.7914,11.34,11.291199999999998,11.348099999999999,95.06,94.5,95.61999999999999,23.84,0.740740741,9.5,23.3,0.3,22.769,0.9395161289999998
3.9256438702110716,5.141531822008365,4.531312400000004,4.189,44.41779999999999,23.20394197,2.7017,24.01174643,23.518801020000005,-0.9259662999999999,4.78842,Uganda,136,2017,28.21203,4.326,69,39.33,69.2,24.1,74.5,11.588166999999999,52.706413270000006,72.76872286,1697.7065110000003,1211.911349,2108.670693,1657.976334,162,0.524901861,0.8648172380000001,0.5226012500000001,0.516320815,0.47529714399999995,0.5495925879999999,0.424192118,0.3783787610000001,0.321445533,0.41727461500000007,0.75249,27.91438,28.292309179999997,24.221709999999998,32.5,0.37024173299999996,5,20,70.7,66.6,74.9,60.182,62.388999999999996,57.952999999999996,0.618184615,1.03,34.29844098000001,21.482999999999997,0.929381,42.862958000000006,7.881619000000001,23.2,6.417,11.041899999999998,12.247099999999998,6.09025,4.726999999999999,7.1706,31.68,26.7,32.445861949999994,106.502,1.8666666669999998,2.1,2.9,52.4,95.193,1.318181818
6.117736487827833,5.553929599620206,5.962821866666668,6.293,39.98779999999999,35.322545780000006,0.047635000000000004,15.71595941,16.666898950000004,-3.306189,0.17839800000000003,Uruguay,33,2017,13.883386870000002,22.797,8.2,46.620000000000005,59.6,71.9,23.9,15.909790000000001,60.62883759,71.04108451,20551.40942,15281.912760000001,24904.52424,19930.40834,55,0.7325662779999998,1.0136998279999998,0.270050235,0.8039484330000002,0.8070243460000001,0.7961176709999999,0.799814677,0.6785143899999998,0.597687664,0.80703,0.83333,7.37842965,14.280528459999998,25.271730969999997,9,0.6891403479999999,3,5,64.8,56.1,74.4,77.645,81.004,74.034,0.886846154,1.05,22.30769231,2.222,0.506589,3.4567499999999995,0.23883200000000002,95.2,0.019,16.893800000000002,14.952400000000003,8.718829999999999,8.9823,8.4214,54.10314,55.83283,52.13562,54.726000000000006,1.515151515,8.1,24.5,0.8,32.759,1.183574879
5.467987540749179,6.577703771320905,5.613462966666671,5.175,200.309,141.7974831,6.29847,25.768428499999995,23.07453244,-6.901065000000001,6.155879999999999,Vietnam,94,2017,17.257830000000002,10.245,40.9,46.94,76.6,34.1,55.9,12.692322999999998,30.41970062,589.6667532,6171.8841919999995,5345.412948,6383.069432,5858.898113,116,0.625897861,1.0052922079999997,0.304469234,0.693998062,0.6956628619999999,0.692000651,0.6148794000000001,0.515492858,0.4830859650000001,0.758220646,0.73967,17.639460000000003,17.33481627,21.43403,12.7,0.5736947730000002,2,3,78.2,73.2,83.5,76.45400000000001,81.04,71.76700000000001,0.8685230770000001,1.1,26.720647769999996,66.67699999999999,6.83097,95.5408,7.745468000000001,35.2,334.069,12.886700000000001,12.508,8.2,7.92,8.5429,69.44000000000001,66.24000000000001,77.69533202999997,27.282999999999998,0.863636364,2.1,7,7.8,33.043,1.014492754
4.933253196932684,5.872654235619376,5.272335066666675,4.722,58.1796,78.72621426000002,0.392632,18.601870920000007,18.73422886,-2.9792319999999997,0.24990400000000004,South Africa,106,2017,30.333863330000003,8.137999999999998,5.6,44.08,39.6,71.1,9.6,13.33729,69.98981476000002,697.3304079999999,12294.876139999998,9059.825158,14894.28092,11923.2677,113,0.708285278,0.9835802429999999,0.389393937,0.6990300549999999,0.6924671609999997,0.7040271149999999,0.7222090609999999,0.607244204,0.314623155,0.5321998150000001,0.77828,14.265590000000001,33.23014833000001,56.436,20.3,0.466741331,26,40,54.7,47.9,62,63.403999999999996,66.98,59.865,0.667753846,1.03,41.031390130000005,37.246,3.031236,56.717156,5.711987,65.8,0.466,13.7394,13.0753,10.134149999999998,9.934899999999999,10.3549,75.71793000000001,74.1968,77.39402000000001,42.78,1.1960784310000003,27.7,57.4,16.4,44.137,1.105973025
