pred_knn,pred_linear,pred_random_forest,Happiness_Index,Infants_Missing_DPT_Vaccine,Infants_Missing_measles_Vaccine,Teen_Birth_Rate,Working_Poor_Pct_3.10day,Country,Happiness_Rank,year,Coef_Human_Inequality,Elderly_Dependency_Pct,Empl_Agriculture,Empl_Nonagriculture_Pct_Female,Empl_Pop_Ratio,Empl_Services,Empl_Vulnerable_Pct,Expected_years_of_schooling,Exports_Imports_PctGDP,Female_Bank_Acct_Pct,Finance_Sector_Domestic_Credit_PctGDP,Foreign_Direct_Investment_PctGDP,GDP,GDP_pc,GNIpc_female,GNIpc_male,Gross_Capital_PctGDP,Gross_Fixed_Capital_PctGDP,Gross_National_Income,HDI_rank,Idx_Education,Idx_Gender_Development,Idx_Gender_Inequality,Idx_Human_Development,Idx_Human_Development_female,Idx_Human_Development_male,Idx_Income,Idx_IneqAdj_education,Idx_IneqAdj_income,Idx_IneqAdj_Life_Exp,Idx_Red_List,Ineq_education,Ineq_HDI_Loss,Ineq_income,Ineq_Life_Exp,Inequality-adjusted_HDI,Labor_Participation,Labor_Participation_female,Labor_Participation_male,Life_Exp_Birth,Life_Exp_Birth_female,Life_Exp_Birth_male,Life_Exp_index,MtoF_Ratio_birth,Parlaiment_Pct_Female,Pop_15â€“64,Pop_65,Pop_Total,Pop_under5,Pop_Urban_Pct,Private_capital_flows_PctGDP,Refugees_from_country_1000s,Remittances_inflows_PctGDP,School_Expected_Years_female,School_Expected_Years_male,School_Mean_Years,School_Mean_Years_female,School_Mean_Years_male,School_Secondary_Pop_Pct,School_Secondary_Pop_Pct_female,School_Secondary_Pop_Pct_male,Unemployment_FtoM_Ratio,Unemployment_total,Unemployment_youth,Young_Dependency_Pct,Youth_Unemployment_FtoM
6.738754398176479,5.605869098392327,6.102511851523472,6.825,3,1,28.379,0.5,United Arab Emirates,21,2017,NA,1.346,0.4,12.1,78.3,60.7,0.4,13.64343,172.811,76.41671753,100.7814908,NA,632.5684955,67293.48276,24972.689759999997,84129.77931000001,24.811620160000004,22.9897787,67804.55851,34,0.7383174999999998,0.968173096,0.23213911,0.8627566600000001,0.8319420620000001,0.8592906220000002,0.984764717,NA,NA,0.837331938,0.8657200000000002,NA,NA,NA,5.2,NA,79.7,40.9,92,77.412,78.924,76.71700000000001,0.883261538,1.05,22.5,7.986000000000001,0.107518,9.400145,0.457002,86.2,NA,0.14400000000000002,NA,14.3053,13.405400000000002,10.78,11.943,9.722199999999999,68.96000000000001,78.8,65.66,3.3846153849999996,1.7,5.1,16.355,1.214285714
3.2882712614434264,3.1679091087575473,3.5942694666666686,3.203,27,38,64.462,98.2,Afghanistan,154,2017,28.177390000000003,4.763,62.2,11.56,49.5,31.1,66.1,10.39716,NA,7.160684585999999,-2.387999655,0.256494,64.09582154,1803.987487,540.6781186000001,3030.0325660000003,NA,NA,1823.52936,168,0.41481000000000007,0.6251141989999999,0.6527251930000001,0.49769511399999994,0.364330332,0.582822039,0.43856900600000004,0.226630738,0.3913482810000001,0.485194646,0.8371900000000001,45.365170000000006,29.58972549,10.767,28.4,0.35042849600000003,54.2,19.5,86.7,64.04700000000001,65.425,62.764,0.677646154,1.06,27.44479495,19.247999999999998,0.916863,35.530080999999996,5.271263000000002,25.2,-0.4481857,2621.0910000000003,1.81713,8.0036,12.6552,3.7800000000000002,1.948,6.006,25.12,11.360000000000001,36.86,1.5875,8.8,17.7,79.824,1.053571429
4.810590869750909,5.532291817652182,5.310883828913879,4.719,1,4,20.667,1.5,Albania,107,2017,9.976052142,18.997999999999998,40.3,37.54,48.3,41.1,57.2,14.77288,78.0756,38.10295868000001,63.290499800000006,7.92276,33.91665026,11803.43059,9701.721796000002,14027.80057,25.224036579999996,25.224036579999996,11885.50814,68,0.7445281109999999,0.9704640259999999,0.23817487799999998,0.7849109729999999,0.7721221609999999,0.79562162,0.7217299260000001,0.6813119869999998,0.633409002,0.817130154,0.8549500000000001,8.490763886,9.990828240999999,12.237392539999998,9.2,0.706491866,56.1,47.2,64.9,78.495,80.595,76.543,0.8999230770000001,1.08,27.85714286,2.034,0.386419,2.930187,0.177175,59.4,-9.219334,12.176,10.0532,15.0308,14.4429,10.02511,9.832500000000001,10.238499999999998,92.89328427000001,93.09790235,92.76778303,0.93006993,13.9,30,25.061999999999998,0.964630225
4.797237882270601,5.316504145751332,4.996723888444893,4.559,3,4,23.165,10.1,Armenia,116,2017,9.791106667,16.336000000000002,34.4,42.4,49.2,49.7,41.6,12.96123,88.4535,40.906436920000004,58.23193784000001,2.12989,25.75156363,8787.57994,6357.535919,12281.06431,19.027547889999997,17.31200669,9143.677636999999,83,0.748951167,0.969369418,0.2624025650000001,0.7551126829999999,0.740196062,0.763585118,0.682114476,0.726969824,0.5631648300000001,0.7669480000000001,0.8446000000000001,2.9349499999999997,9.989291986,17.43837,9,0.679682272,60.1,51.4,70.6,74.782,77.79700000000001,71.427,0.8428000000000001,1.1300000000000001,18.0952381,2.0149999999999997,0.329162,2.9304499999999996,0.19823900000000003,63.1,-1.184851,10.797999999999998,13.3409,13.365200000000002,12.578299999999999,11.66751,11.663400000000001,11.672500000000001,97.22246,96.87118,97.64477,1.2317073169999997,18.2,39,29.096,1.1782477340000004
6.076854468957278,5.733617814953878,5.842944490476182,6.086,9,11,62.790000000000006,2.8,Argentina,47,2017,13.854097200000002,17.521,0.5,40.09,54.6,76.1,21.4,17.424039999999998,25.0146,50.75725174,39.242921120000005,1.8596599999999999,838.2237796000002,18933.907150000003,12394.535750000001,24788.78922,19.07339665,14.809083630000002,18460.73665,47,0.8156487780000001,0.997019855,0.35787238800000004,0.8248496500000002,0.816176203,0.8186157970000001,0.7882437339999999,0.764789401,0.584665279,0.7899675379999999,0.8608000000000001,6.235450612,14.30055514,25.82684098,9.5,0.706891571,59.9,47.3,73.2,76.738,80.44100000000002,72.96400000000001,0.8728923080000001,1.04,38.905775080000005,28.296,4.957669000000001,44.271041,3.737498,91.7,-7.112725999999999,0.129,0.090802,18.654400000000003,16.2,9.949430000000001,10.1322,9.6601,64.84,65.9,62.78,1.4931506849999998,8.7,24.7,38.934,1.1650943399999998
5.480474731047181,5.722507929562452,5.613310233882792,5.208,3,2,53.524,1.5,Azerbaijan,90,2017,9.874310603,8.511,37.4,43.83,62.8,48.5,56.1,12.650430000000002,90.6636,27.71962547,29.50439208,7.03716,156.29404309999998,15847.418829999999,10089.08007,21151.780310000002,24.14810844,23.620412599999998,15599.61753,80,0.7090844999999999,0.949377968,0.317567566,0.756965427,0.733754201,0.772878901,0.762805989,0.682395043,0.695229006,0.6655706149999999,0.90998,3.7639318100000008,10.041283389999998,8.859000000000002,17,0.6809563839999998,66.1,62.9,69.5,72.12299999999999,75.16499999999999,69.077,0.801892308,1.1300000000000001,16.8,6.949000000000001,0.5914039999999999,9.827589000000001,0.8846950000000001,55.3,-7.293640000000001,10.32,2.7814300000000003,12.643899999999999,12.6544,10.730509999999999,10.4502,11.0357,95.60848999999999,93.84367,97.52972999999999,1.295454545,5,13.7,32.922000000000004,1.0148148149999998
5.4064403466704425,5.483841338296445,5.343436266666669,5.386,8,31,10.019,0.2,Bosnia and Herzegovina,78,2017,15.27605608,23.909,19.1,32.7,34.7,48.7,20.9,14.218442999999999,86.9273,54.7417984,56.801496189999995,2.3897999999999997,41.08082814,11713.89478,7723.116587,15856.415889999998,20.47805386,16.75068974,11716.020700000001,77,0.718054083,0.923817063,0.16594619600000005,0.768450831,0.7394479469999999,0.8004268120000001,0.7195603639999998,0.576110601,0.5744943330000001,0.826444108,0.90357,19.767798229999997,15.52679932,20.16037,5.9,0.6491350120000001,46.6,35.2,58.7,77.087,79.56400000000001,74.551,0.8782615380000001,1.06,19.29824561,2.4299999999999997,0.581079,3.5070170000000003,0.15533000000000002,47.9,-1.5635189999999999,17.694000000000003,10.986400000000001,14.8911,14.4608,9.692919999999999,8.6328,10.853800000000001,79.87346,71.70435,88.71581,2.0888888889999997,25.6,55.4,20.387999999999998,1.2338530069999998
4.371824768770862,4.129834527256227,4.40666125638722,4.456,1,6,83.508,67.3,Bangladesh,125,2017,23.42182333,7.662999999999999,39.1,18.38,54,39.9,57.5,11.364567200000002,35.303999999999995,35.83634567,63.66930332000001,0.8615,580.2935432000002,3523.983851,2040.80038,5285.425679000001,30.51045153,30.51045153,3676.9233780000004,136,0.508459756,0.88117434,0.5423126869999999,0.6081558370000001,0.5670413860000001,0.6435064659999999,0.544504773,0.31876079300000004,0.459252096,0.671880246,0.7657,37.308550000000004,24.097789,15.65692,17.3,0.461603727,56.5,33,79.8,72.80799999999999,74.62299999999999,71.191,0.8124307689999999,1.05,20.285714289999994,109.55799999999999,8.395237000000002,164.66975099999996,15.166773,35.9,-0.6513528999999999,16.779999999999998,5.405260000000001,11.719199999999999,11.3061,5.783320000000001,5.2064,6.7268,45.5,44,48.160000000000004,2.1212121209999997,4.4,11.4,42.641,1.1067961169999998
4.271939986142508,4.257821755290644,4.358427707936503,4.587,5,12,104.329,66.8,Burkina Faso,115,2017,31.780691369999996,4.596,28.3,48.33,62.3,39.8,87.2,8.525590000000001,62.8303,34.49893570000001,31.644703829999997,NA,32.68828014,1703.101629,1288.547008,2013.507358,25.53614148,24.57205201,1650.0920959999999,183,0.2858062780000001,0.8702619770000001,0.610299994,0.4234231850000001,0.3934827800000001,0.45214290700000004,0.4234720840000001,0.17390513400000004,0.32103723599999995,0.4265169230000001,0.98915,39.15279412,32.054600259999994,24.18928,32,0.28769657600000004,66.5,58.2,75.2,60.77,61.431,59.98,0.6272307689999999,1.05,11.02362205,10.059000000000001,0.46229699999999996,19.193382,3.2817160000000003,28.7,NA,2.7030000000000003,3.4514399999999994,8.2766,8.7684,1.4695299999999998,1.006,2.0484,8.488349999999999,6.021845243,11.650446740000001,2.2195121949999996,6.3,8.6,86.208,1.563636364
3.7163368164509367,3.207088442599971,3.986830724236881,3.775,6,10,26.781999999999996,89.5,Burundi,145,2017,32.83918,4.886,91.5,21.66,77.7,6.1,92.4,11.684019999999999,NA,6.726228237,32.79912604000001,NA,7.629147845999999,702.225313,806.8546326999999,594.3088962,NA,NA,702.2560922,185,0.42351911100000006,1.001805984,0.47066428200000004,0.41721617400000005,0.4185802860000001,0.4178257000000001,0.2944269490000001,0.25627899500000006,0.23280536100000002,0.360515123,0.92128,39.48821,33.342550970000005,20.929329999999997,38.1,0.278105659,78.9,80.2,77.5,57.85699999999999,59.879,55.882999999999996,0.5824153849999998,1.03,37.80487804999999,5.6979999999999995,0.27838000000000007,10.864245,1.9521389999999998,12.7,NA,439.329,0.9635629999999998,11.2958,12.1114,2.96889,2.7174,3.6723,9.28,7.5,10.46,0.55,1.6,2.9,85.79700000000001,0.6904761899999998
4.860303918121216,3.9626120866632775,4.727632533333332,4.883,14,26,86.096,73.5,Benin,102,2017,36.31635,5.998,43.2,55.74,69.1,38.3,88,12.56764,79.386,28.58588791,25.93297724,NA,23.06926948,2064.236334,1795.1914789999998,2328.944163,28.569658420000003,28.569658420000003,2061.433065,163,0.47073544399999995,0.8753482100000002,0.6114863229999998,0.5146196730000001,0.47912984500000005,0.547359142,0.45709260300000004,0.265229343,0.318627095,0.41171,0.90996,43.65639,36.56257996000001,30.292659999999998,35,0.326461443,70.9,68.7,73.1,61.171,62.683,59.629000000000005,0.6334,1.04,7.228915662999999,6.045,0.362586,11.175692000000002,1.809238,46.8,NA,0.583,2.8716299999999997,11.0672,14.0429,3.64903,3.014,4.26,25.4,18.2,32.720000000000006,1.173913043,2.5,5.2,78.887,1.1063829790000004
5.8675067182858,5.574655773438442,5.792754361904754,5.779,9,17,68.145,9.7,Bolivia,61,2017,25.670235110000004,10.873000000000001,27,40.949999999999996,65.3,50.6,31.3,14.024227469999998,56.7047,53.85283279,68.27203615999998,1.9319799999999998,76.09942311,6885.828577,4686.422732,8736.578662999998,22.22028662,21.26835549,6714.027191,118,0.686730874,0.9286090740000001,0.450451118,0.6925369709999998,0.6645202859999999,0.715608219,0.63545884,0.549161234,0.4335216820000001,0.5693200620000001,0.8705200000000001,20.03254046,25.826956720000005,31.77816486,25.2,0.5136757470000001,67.4,55.2,79.9,69.473,72.05799999999999,67.001,0.761123077,1.05,51.80722892,6.813999999999999,0.740878,11.0516,1.193854,69.1,-5.411306000000001,0.528,3.4794699999999996,14.0019,14.0465,8.91507,8.1999,9.6738,58.2,50.52390588000001,59.48890159,1.4615384619999998,3.1,6.6,51.315999999999995,1.1578947369999997
6.21875183230386,5.6367482623404594,5.919291744274002,6.3,1,3,61.597,6.4,Brazil,32,2017,23.167873280000002,12.27,10.3,44.39,55.5,68.8,27.9,15.39793,24.119800000000005,67.51464844000002,111.26073769999999,3.4216499999999996,2951.6870849999996,14103.451529999998,10072.52666,17566.26931,15.502819800000001,15.634520909999999,13755.336929999998,79,0.6863869439999998,0.992243091,0.406749409,0.75924537,0.754967282,0.760869275,0.743800231,0.5353167469999999,0.470869134,0.7646910150000001,0.90143,22.00948,23.91771837,36.69413983000001,10.8,0.5776512010000001,63.7,53.2,74.7,75.723,79.336,72.112,0.857276923,1.05,11.27946128,145.875,17.899128,209.28827800000002,14.828076999999999,86.3,-2.462586,0.8550000000000001,0.13129500000000002,15.855400000000003,14.9406,7.76,7.977200000000001,7.694599999999999,59.96,61.027103190000005,57.68868228,1.348214286,12.9,30.5,31.201,1.1380597010000002
5.020321968093267,5.314429479000974,5.144113990349661,5.082,1,3,20.339000000000002,9.6,Bhutan,95,2017,26.3725566,7.123999999999999,56.8,32.14,65.2,33.5,71.5,12.268229999999999,74.03190000000001,27.681879040000002,NA,-0.4375740000000001,7.033150121,8708.597120999999,6002.181979000001,9888.553844,47.15993583000001,47.15993583000001,8064.8276510000005,134,0.445240833,0.8925825469999998,0.4759583610000001,0.6124176089999999,0.575850599,0.645151085,0.6631493789999999,0.259447756,0.5332450470000001,0.6394527689999998,0.7993499999999999,41.72866981000001,27.242002499999995,19.589,17.8,0.4455827890000001,66.8,58,74.3,70.565,70.87599999999999,70.258,0.7779230770000001,1.04,8.333333333,0.554,0.039449,0.80761,0.06969,40.2,0.43757360000000006,7.952,1.71801,12.3762,12.1614,3.1337,2.1309,4.167799999999999,9.616023407999998,5.959489861,13.731157819999998,1.736842105,2.4,10.2,38.72200000000001,1.228915663
4.07981208576271,5.059286811125805,4.373477753174603,3.488,2,3,29.981999999999996,21.2,Botswana,148,2017,NA,6.096,26.2,47.58,58.9,60.3,15,12.617309999999998,NA,46.788517000000006,17.051824560000004,2.3012699999999997,36.225141580000006,15807.37359,12613.316939999999,18521.35384,NA,NA,15533.649240000002,101,0.658925167,0.975663973,0.43448856600000013,0.7165521289999998,0.7074510279999999,0.725097008,0.762165844,NA,NA,0.596323877,0.9796400000000001,NA,NA,NA,18.6,NA,71.9,65.6,78.4,67.618,70.191,64.93900000000001,0.7325846149999999,1.03,9.523809524,1.482,0.090321,2.291661,0.260108,68.7,2.8273310000000005,0.28400000000000003,0.20873600000000003,12.770999999999999,12.465600000000002,9.25333,9.1702,9.48,89.17999999999999,88.82,89.61999999999999,1.463087248,18.1,35.7,48.576,1.2020202019999997
5.412394627906379,5.545205384386363,5.513300560722608,5.323,3,3,17.16,0.3,Belarus,81,2017,6.47209723,21.618000000000002,9.9,51.449999999999996,63.7,59,2.7,15.45131,133.55200000000002,81.33817290999998,41.94893633000001,2.3404599999999998,163.23088669999999,17167.96726,13478.66848,19592.06551,26.24606698,25.011169310000003,16323.46154,53,0.837996389,1.019545704,0.13027744400000002,0.8075295960000001,0.8143521079999999,0.7987401689999999,0.769657429,0.807176474,0.6862382499999999,0.776454923,0.9695099999999999,3.67781,6.525150731999999,10.83848169,4.9,0.754837072,64,58.4,70.7,73.07,78.46700000000001,67.537,0.816461538,1.06,33.13253012000001,6.482,1.4012449999999999,9.468338,0.5770590000000001,78.1,-4.607257,3.657,2.2047200000000005,15.8512,15.0702,12.2638,12.193299999999999,12.351700000000001,91.90175,87.00197,92.21481000000001,1,0.5,1.1,24.455,1.1
4.367017937840083,3.7314069731760537,4.246518561904758,4.418,18,20,124.22,90.5,Democratic Republic of the Congo,127,2017,30.217992060000004,5.957,81.9,35.83,69.8,7,53.5,9.75,75.035,24.21882248,NA,NA,65.73354588000001,808.1332133999999,703.1994396000001,888.8574513999998,20.79450262,20.578420539999996,795.8264151999999,176,0.49614933299999997,0.8517566930000001,0.6519380530000001,0.45746921300000004,0.41961594,0.49264765799999993,0.31332144500000003,0.365451859,0.22492842100000002,0.393535523,0.89143,26.34236617,30.349493589999998,28.21161,36.1,0.31862962300000003,72.4,71.4,73.5,60.031,61.543,58.532000000000004,0.615861538,1.03,8.166666667000001,41.23800000000001,2.456339,81.33998799999999,14.845779,43.9,NA,611.875,0.045963,8.7,10.6131,6.75948,5.2748,8.373600000000001,50.664300000000004,36.73039000000001,65.81281,1.387096774,3.7,7.3,91.29,1.106060606
3.3208805419287684,3.570291372128908,3.6389726333333448,3.083,31,51,103.80199999999999,91.2,Central African Republic,155,2017,41.81473,6.877,85.6,29.8,67.2,6.4,67.5,7.1800032069999995,44.29290000000001,9.717617035,NA,NA,3.080769909,661.2399677,520.7222568999999,809.4882969,17.667716539999997,17.667628410000003,663.1516330999999,188,0.3413112,0.7801602389999999,0.673355672,0.366809345,0.31929230599999997,0.409265033,0.28577229100000007,0.223389546,0.14518778400000001,0.29499800000000004,0.9437800000000001,34.5496,42.12420894000001,49.194590000000005,41.7,0.21229381000000003,71.5,63.3,80,52.89,54.83,50.974,0.506,1.03,8.571428571,2.4759999999999995,0.17028300000000002,4.6590799999999994,0.7304159999999998,41,NA,545.525,NA,5.874,8.4787,4.256,2.9819999999999998,5.5760000000000005,21.84,13.16,30.84,1.240740741,6,10.6,81.27199999999999,1.06
4.760693350312666,4.669378884113932,4.570069433333333,4.812,25,30,111.819,52.5,Republic of the Congo,103,2017,22.60734667,6.262,37.2,47.339999999999996,62.1,36.9,74.9,11.370734790000002,138.58,20.9935627,NA,NA,25.679855270000004,4881.405744,4904.547525,6483.175213,26.59091325,26.26101682,5694.2210110000005,137,0.526187077,0.9342246720000001,0.5784448470000001,0.6062825819999998,0.582873533,0.623911517,0.6105728399999999,0.41294667200000007,0.4811246810000001,0.519552492,0.9839,21.52094,22.62774489,21.2011,25.1,0.469094506,69.7,67.4,72,65.088,66.748,63.466,0.693661538,1.03,13.96396396,2.8579999999999997,0.17895900000000003,5.26075,0.8326750000000002,66.5,NA,13.292,NA,11.1975,11.5435,6.31,5.51,6.73,48.4,46.720000000000006,51.02,1.1359223299999999,11,22.5,77.82499999999999,0.97826087
4.768414824797379,4.901991258249563,4.613786336118598,4.944,1,22,132.71099999999998,48.5,Ivory Coast,99,2017,36.343139990000005,5.367999999999999,48.3,46.94,55.8,45.3,73.3,9.037369999999997,48.583999999999996,35.56497955,33.760066390000006,NA,87.48553811999999,3601.005901,2528.856423,4408.875271000001,22.63612931,20.91530413,3481.2253100000003,170,0.42410472200000005,0.8407532380000001,NA,0.49230450200000003,0.446130972,0.530632475,0.536243228,0.22290914500000003,0.38936969300000007,0.345217169,0.88857,47.440069959999995,36.91002836,27.38935,34.2,0.31059477100000005,57.3,48.1,66.2,54.102000000000004,55.662000000000006,52.660000000000004,0.524646154,1.03,9.163346614000002,13.273,0.7125149999999999,24.29475,3.946744,50.3,NA,40.019,0.939092,8.0715,9.994299999999999,5.191999999999999,3.9739999999999998,6.159999999999999,26.14,17.84,34.08,1.571428571,2.6,3.7,77.667,1.321428571
6.483147852663609,5.662358124139499,6.040647138888881,6.444,2,7,45.636,1.9,Chile,26,2017,14.877194240000001,16.162,9.6,43.09,58,67.6,23.9,16.40065,55.69510000000001,71.27378844999998,127.9655811,2.3165399999999994,411.0526183,22767.037190000003,15137.085109999998,28808.532069999997,22.05171747,21.55870173,21909.50098,44,0.800358611,0.961485776,NA,0.842858781,0.823272243,0.856250048,0.814115691,0.7406825349999999,0.5611258570000002,0.8628976620000002,0.76293,7.456167150000001,15.706178409999998,31.07541556,6.1,0.710477877,62.3,50.6,74.4,79.732,82.093,77.17899999999999,0.9189538460000001,1.04,15.822784810000003,12.385000000000002,2.0016419999999995,18.054726,1.178699,87.5,1.004488,0.494,0.016107,16.651500000000002,16.159100000000002,10.34355,10.2035,10.512,80.59703257,78.97488652999999,80.9283057,1.151515152,7,16.8,29.618000000000002,1.0909090909999999
4.783964705533406,5.020052103245336,4.768568900000003,5.044,7,23,105.8,38.3,Cameroon,96,2017,34.17479667,5.849,62,42.5,73,28.7,71.7,12.194069999999998,36.9361,30.0303688,16.619907770000005,NA,80.93901273,3364.9260560000002,2750.6845839999996,3877.737775,21.55242306,21.55242306,3314.7445839999996,151,0.547472833,0.8658382290000001,0.568804143,0.5559384820000001,0.513350511,0.5928942540000001,0.528840929,0.367027594,0.339173611,0.393465,0.8357900000000001,32.959669999999996,34.186413900000005,35.86472,33.7,0.365883052,76.2,71.2,81.2,58.575,59.706,57.449999999999996,0.5934615379999999,1.03,27.142857140000004,13.015,0.761301,24.053727,3.860517,55.8,NA,11.047999999999998,0.798785,11.3487,13.028099999999998,6.26246,4.7044999999999995,7.5546999999999995,36.22810000000001,32.45632462,39.24,1.4857142859999997,4.3,8.9,78.96000000000001,1.186666667
4.857430080801707,5.23350417111166,5.2186538579736945,5.191,1,1,6.408,9.7,China,93,2017,14.22396229,14.845,17.5,42.27,65.7,55.9,33,13.7792,37.803399999999996,76.36473082999998,215.2377438,1.37463,21223.92194,15308.71212,12053.21213,18295.33769,43.60021441,41.88511169,15269.761240000002,86,0.644355556,0.9550313160000001,0.15235826600000002,0.751703947,0.734648174,0.769239879,0.759577639,0.570561268,0.5824481629999999,0.7992863079999998,0.74642,11.452417360000002,14.485357830000002,23.31946951,7.9,0.6428169399999999,68.9,61.5,76.1,76.41000000000001,77.99900000000001,74.94600000000001,0.8678461540000001,1.1500000000000001,24.24760602,1010.3669999999998,149.99273100000002,1409.517397,85.131175,58,-0.6025706999999999,207.722,0.23424400000000004,13.981,13.598799999999999,7.848,7.5952,8.303500000000001,77.4,74.02,82,0.8400000000000001,4.7,10.8,24.66,0.9152542370000001
6.0069713523850305,5.4989764615641805,5.8746948904761895,6.125,6,7,47.456999999999994,8.4,Colombia,43,2017,22.94339072,11.102,16.1,46.36,64.1,64.5,47.1,14.41909,34.8582,42.47443008,NA,4.6954899999999995,650.3622351999999,13254.94922,10270.92431,15691.60122,23.394865890000005,22.850990380000002,12937.87977,90,0.6761536109999999,0.996947173,0.383404744,0.747045383,0.746695389,0.748981901,0.73454543,0.5449830560000001,0.46841483000000006,0.7286125539999999,0.73998,19.39952,23.58890154,36.230652150000004,13.2,0.5708255830000001,70.4,58.8,82.6,74.562,78.169,71.038,0.8394153849999999,1.05,19.7761194,33.794000000000004,3.751764,49.06561500000001,3.6822749999999997,80.4,-4.012166,76.68799999999999,1.81255,14.854500000000002,14.2927,8.268699999999999,8.464,8.127999999999998,50.18716,51.095060000000004,49.19990000000001,1.583333333,9,18.4,34.09,1.2348993289999999
6.976525547802581,5.720393659529392,6.18141366876894,7.167,1,4,53.458999999999996,1.5,Costa Rica,12,2017,17.27558886,13.743999999999998,12,40.61,54.5,69.5,14,15.37714,67.57289999999999,60.879062649999995,82.77995952,5.25316,76.16203704999998,15524.994560000001,10418.985509999999,18851.445800000005,17.99904191,17.23575855,14636.381919999998,63,0.7192611109999999,0.974345115,0.2995608830000001,0.793864632,0.779460202,0.799983692,0.753178293,0.633573457,0.509047015,0.8542730770000001,0.8195,11.91328891,18.0333078,32.41347767999999,7.5,0.650704579,59.5,45.3,73.9,80.03,82.43900000000001,77.68199999999999,0.923538462,1.05,35.0877193,3.3789999999999996,0.464461,4.905769000000001,0.343374,78.6,-5.478840000000001,0.201,0.9847619999999999,15.8303,14.940199999999999,8.76355,8.7599,8.5108,52.866910000000004,53.759530000000005,51.88155,1.5857142859999998,8.5,22.7,31.424999999999997,1.254143646
5.494005889377625,5.888638599251597,5.349243161371609,5.425,1,14,94.971,3.8,Dominican Republic,77,2017,20.849822760000002,10.955000000000002,12.4,45.01,63.1,70.2,40.9,13.740859999999998,52.920700000000004,54.14283752,57.775245690000006,4.73742,157.20743670000002,14600.860579999999,8908.700808000001,18974.726980000003,21.831290130000003,21.902283089999997,13920.994260000001,94,0.642537556,0.9894215889999999,0.450658339,0.735797919,0.7277406030000001,0.7355212489999999,0.745608548,0.519969449,0.536287633,0.7034555079999999,0.73476,19.075633039999996,21.03302063,28.073835250000002,15.4,0.5810373909999998,66.8,54.4,79.5,74.048,77.3,70.99900000000001,0.8315076920000001,1.05,24.324324320000002,6.861,0.7515919999999999,10.766998,1.0553739999999998,80.3,-7.226498,0.43200000000000005,8.136,14.498199999999999,12.9791,7.825409999999999,8.140799999999999,7.4876000000000005,56.61133,58.63266,54.44623,2.162162162,5.5,12.4,45.98,1.493975904
5.240948827488477,5.24591398343799,5.353212823809514,5.211,5,12,10.137999999999998,9.7,Algeria,88,2017,20.05106667,9.627999999999998,12.8,17.45,37.3,40.2,27.9,14.357780000000002,60.3668,29.268730159999997,66.79956193000001,NA,574.8939906,13913.83936,4232.472669000001,23181.398080000003,47.7835418,29.874768330000002,13802.01307,85,0.664379556,0.8606062870000001,0.44160899400000003,0.7537675349999999,0.6804625729999998,0.790678134,0.7443119429999999,0.440553007,0.6597310130000001,0.7352731849999998,0.90432,33.68956,20.68283722,11.363640000000002,15.1,0.5978670229999999,41.4,15.2,67.3,76.293,77.561,75.077,0.8660461540000001,1.05,21.32231405,26.652,2.5661519999999998,41.318142,4.662789999999999,72.1,NA,4.042,1.2283,14.5745,14.146799999999999,7.96657,7.5775,8.5615,37.660000000000004,37.54,37.9,2.0714285709999998,10,23.9,45.4,1.14354067
5.946246033255563,5.576501274645375,5.748518307936496,6.028,5,19,73.91700000000002,10.8,Ecuador,50,2017,19.408769789999997,11.020999999999999,26.9,42.71,64.9,54.5,45.6,14.65794,42.036,42.60633850000001,38.128367420000004,0.5884389999999999,175.9231905,10581.93643,7388.491354999999,13307.316579999999,25.361305520000002,24.34825365,10346.619440000002,86,0.6972176669999999,0.9782103799999998,0.384881042,0.7518997530000001,0.740573238,0.757069495,0.700784537,0.6009633969999999,0.48689930800000003,0.749083246,0.68592,13.805483430000002,19.811428130000003,30.52082594,13.9,0.602937673,68.3,55.4,81.3,76.551,79.32199999999999,73.869,0.870015385,1.05,37.956204379999996,10.716,1.181064,16.624858000000007,1.612874,63.7,-6.886514999999999,1.256,2.7645700000000004,15.4,13.8681,8.70158,8.6135,8.761,52.18167,52.12163,52.24691000000001,1.5897435899999999,4.9,10.9,44.117,1.2823529410000003
4.298265894109285,4.596490702009144,4.50263432698413,4.166,5,6,50.042,42.7,Egypt,137,2017,28.289303329999996,8.406,24.8,16.43,42.2,49.6,20.1,13.08981,44.7867,26.994419099999998,99.04792184000001,3.14047,1029.2058870000003,10550.2065,4080.9968689999996,16489.09702,15.27377522,14.821585010000002,10354.801809999999,115,0.6042058330000001,0.8719660100000001,0.44880739100000006,0.695607556,0.6358037320000001,0.7291611419999999,0.7009039479999999,0.380994616,0.4463005890000001,0.7025895999999999,0.9140400000000001,36.942910000000005,29.196991060000006,36.325,11.6,0.49251108,48,22.2,73.7,71.661,73.96900000000001,69.453,0.794784615,1.06,14.932885910000001,59.868,5.032773000000001,97.553151,12.917855,42.7,-13.20589,22.110000000000003,9.56961,13.0571,13.1214,7.218,6.5,7.934,64.48,58.220000000000006,70.66,2.9759036139999995,12.1,34.4,54.54,1.158249158
4.315519132337704,4.408455704418143,4.385055100000002,4.286,15,35,62.458999999999996,51.5,Ethiopia,134,2017,27.252376669999997,6.305,68.2,58.96,78.2,22.4,88.2,8.539623052,31.450599999999998,29.07543182,NA,NA,181.568668,1729.9266390000003,1303.608952,2136.3008360000003,39.00000886,39.00000886,1719.378176,173,0.32658308500000005,0.84642499,0.502135027,0.462664092,0.4240444830000001,0.5009829439999999,0.42968524700000005,0.184501056,0.372315822,0.5300211380000001,0.8399900000000001,43.505630000000004,28.36333072,13.351500000000001,24.9,0.33143714499999993,82.5,77.2,87.8,65.874,67.784,63.997,0.705753846,1.04,37.28571429000001,58.69200000000001,3.700843,104.957438,15.365545000000003,20.3,NA,87.455,1.01228,8.234799999999998,9.0847,2.68114,1.6029,3.8314999999999997,15.75008194,11.15443806,21.42700539,2.4193548389999995,5.2,7.4,72.521,1.4509803919999997
4.769919972991767,5.566979117096199,4.7936505333333335,4.799,19,37,95.301,15.2,Gabon,104,2017,22.33040667,7.461,41.9,24.04,41.3,45.6,32.2,12.813500000000001,NA,53.704124449999995,18.69765857,NA,33.5411561,16562.41336,11789.356549999999,20825.20637,NA,NA,16430.689919999997,110,0.6283548889999999,0.911144669,0.533569312,0.7022164259999999,0.6697530609999999,0.7350677489999998,0.770646465,0.4808176640000001,0.613347503,0.5498941540000001,0.96114,23.47992,22.34232416,20.4113,23.1,0.5453249560000001,51.4,42.9,59.4,66.48,68.17299999999999,64.88799999999999,0.7150769229999999,1.03,17.351598170000003,1.208,0.09012500000000001,2.0251370000000004,0.277208,89,NA,0.227,NA,12.456000000000001,13.4,8.172730000000001,7.4226,9.0995,57.56,65.6,49.78,1.902777778,19.6,36.5,60.190000000000005,1.1477987419999998
4.7101671896627755,5.2667249790381225,5.018670921428569,4.519,2,5,45.903,16.8,Georgia,119,2017,11.989,22.537000000000003,40.9,46.37,59.8,46.6,57,15.03581,112.579,63.61225891000001,61.55000664999999,11.8869,36.22343279000001,9745.078903999998,6176.573109999999,12480.53685,31.89431929,29.54170031,9186.409714,70,0.844813722,0.975028353,0.34978376,0.7798223289999999,0.7664571099999999,0.7860869959999999,0.6828187749999999,0.826143339,0.507627962,0.7555028309999999,0.8626000000000001,2.21,12.578816830000001,25.657000000000004,8.1,0.681729906,67.6,57.9,78.8,73.436,77.639,69.17199999999998,0.822092308,1.08,16,2.58,0.5814839999999999,3.9120609999999996,0.265845,58.2,-10.044049999999999,6.526,11.834,15.319400000000002,14.777199999999999,12.81457,12.799199999999999,12.8276,95.46390000000001,95.05256,95.95354,0.6449275360000001,11.6,29.3,29.084999999999997,0.9832214770000001
5.294941660929384,5.147245329651165,5.0022773625144374,4.996,1,5,66.611,25.7,Ghana,98,2017,28.81312667,5.826,40.7,52.68,75.1,45.2,66.1,11.61575,90.63229999999999,53.72341919000001,30.55149677,6.87722,121.89791050000001,4227.629844000001,3348.802625,4848.654055,16.05856613,15.26753854,4096.1737889999995,140,0.5580597220000001,0.909606705,0.538128085,0.5917381939999999,0.5631928780000001,0.61916087,0.5608153100000001,0.363158201,0.41884755,0.48859006200000005,0.8441000000000001,34.92485,28.949159569999996,25.31453,26.2,0.4204349600000001,76.9,74.8,79.2,63.033,64.05799999999999,61.976,0.6620461539999999,1.05,12.727272729999997,16.75,0.975878,28.833629,4.124014999999998,55.4,-12.201939999999999,16.973,7.4718100000000005,11.4501,11.774799999999999,7.061999999999999,6.262,7.938000000000001,62.14,54.620000000000005,70.36,1.181818182,2.4,4.9,66.31,1.0888888890000001
4.3859324405527875,4.235863366409518,4.394255307570208,4.516,7,10,79.199,62.3,The Gambia,120,2017,36.44043,4.470000000000001,27.1,38.98,53.7,57.6,71.2,9.150415,60.790000000000006,NA,55.94260821,NA,3.2805974540000005,1561.766843,1168.4316630000003,1869.8516510000002,19.170984580000002,19.170984580000002,1515.619983,174,0.37211152799999997,0.890177475,0.622817034,0.460067236,0.43382419500000013,0.48734573400000003,0.410631362,0.188581322,0.2812824830000001,0.455664,0.9814299999999999,49.32129,37.15451894000001,31.5,28.5,0.28913146700000003,59.3,51.2,67.7,61.424,62.830999999999996,60.078,0.6372923079999999,1.03,10.34482759,1.099,0.04913800000000001,2.100568,0.367852,60.6,NA,14.578,21.2544,9.3372,9.2251,3.538,2.8499999999999996,4.296,35.32,29.02,42.3,1.8405797099999999,9.5,12.9,86.618,1.402173913
4.444373815593092,4.333860556624764,4.39298463333334,4.534,37,52,135.29399999999998,69.4,Guinea,118,2017,32.173873330000006,5.7410000000000005,68.2,43.75,61.3,25.9,90.1,9.104719999999999,140.095,19.670974730000005,NA,NA,26.466100649999998,2081.1303270000003,1804.189692,2327.6941150000002,43.13464731,75.14833766999999,2066.6723580000003,175,0.33852488900000005,0.809913869,NA,0.459111122,0.41103074100000003,0.507499323,0.45747603600000003,0.175134633,0.379447734,0.42991532300000007,0.89566,48.26536000000001,33.413759569999996,17.05626,31.2,0.305704835,64.2,63,65.4,60.617,61.166000000000004,60.053999999999995,0.624876923,1.02,21.92982456,6.944,0.398669,12.717175999999998,2.0169349999999997,35.8,NA,20.34,0.526354,7.7819,10.4032,2.56848,1.5297999999999998,3.9287,11.68275,NA,NA,0.636363636,4.5,5.5,77.38799999999999,0.8208955220000002
6.1524498059022275,5.494205605020033,5.883403366666669,6.436,12,14,70.93,13.4,Guatemala,27,2017,27.717891130000005,7.79,29.4,43.06,60.3,49.6,34.7,10.75103,45.657199999999996,42.08628082,40.47097619,1.36842,125.562592,7423.807591999999,4767.545813,9868.617814,12.064398939999998,12.3086539,7278.1423030000005,127,0.5144443889999999,0.9476920950000001,0.493206418,0.650311623,0.6298934220000001,0.664660416,0.6476455190000001,0.334620713,0.43911180000000005,0.6933747689999998,0.7219099999999999,34.95493,28.18026393,32.198743400000005,16,0.46705209100000006,62,40.6,85,73.654,76.83,70.418,0.825446154,1.05,12.65822785,10.190999999999999,0.7939129999999999,16.913503,2.039671,50.7,-2.393147,16.288999999999998,11.178099999999999,10.7256,10.896,6.47414,6.4285,6.519,37.811476739999996,38.400386340000004,37.22256713000001,1.727272727,2.7,5.8,58.171,1.318181818
5.566896556806601,5.274588100140896,5.339277829682388,5.86,1,3,70.789,21.9,Honduras,59,2017,25.24875312,7.302,28.5,48.05,65.1,50.3,36.1,10.22359,102.41600000000001,40.950687409999986,58.44881567,5.50331,42.08003736,4541.795257,3277.137963,5158.70927,23.775340739999997,23.07506164,4215.293803,133,0.501692944,0.9776061709999999,NA,0.6167167489999998,0.6080147489999999,0.621942422,0.5651454700000001,0.38781746600000006,0.367638333,0.6775523999999998,0.74382,22.698241999999997,25.599143239999997,34.94801735,18.1,0.45884254500000005,68.1,50.9,85.8,73.774,76.34100000000001,71.223,0.827292308,1.05,25.78125,5.902,0.43100600000000006,9.265067,0.9531050000000001,56.5,-7.7883830000000005,14.427,18.8122,10.6609,9.7968,6.53113,6.5598,6.4959,35.50286081,36.76064065,33.53712875,1.384615385,4.5,8.2,49.674,1.389830508
3.773575212870941,4.276673682062461,3.9406751,3.597,21,47,37.449999999999996,50.7,Haiti,147,2017,38.43223333000001,7.713,41.3,58.48,58.6,46.5,87.5,9.3,75.327,30.045614239999995,NA,NA,18.153865840000005,1653.172504,1399.7839339999998,1937.070914,43.35583032,43.35583032,1665.462596,168,0.43333333300000004,NA,0.6012335819999999,0.497945111,NA,NA,0.4248726450000001,0.26737711000000003,0.21923806600000004,0.4788084000000001,0.72082,38.29759000000001,38.96871550000001,48.39911000000001,28.6,0.30390229700000004,68.1,63.8,72.6,63.589,65.79100000000001,61.407,0.6706,1.05,2.739726027,6.833,0.5270819999999999,10.981228999999999,1.232271,54.3,NA,28.438,29.2459,NA,NA,5.25,4.258,6.56,33.220000000000006,26.86,39.94,1.2926829270000002,14,36,52.986999999999995,1.1764705880000002
5.142726271505322,4.969533520495519,5.033622466666665,5.192,4,25,47.373999999999995,27.6,Indonesia,92,2017,18.70737104,7.901000000000001,31.2,39.4,63.4,47.1,47.5,12.81311,39.5362,51.354919429999995,46.967489949999994,2.1740399999999998,2953.7319620000003,11188.744020000002,7259.1668340000015,14384.77764,33.44721083,32.162932980000015,10846.33795,116,0.621791389,0.932200064,0.4533849960000001,0.693979664,0.6661485709999999,0.7145982889999999,0.707909483,0.519500313,0.5318447130000001,0.646930154,0.76276,16.45102801,18.82992625,24.871085100000005,14.8,0.563303805,66.3,50.7,81.8,69.35499999999999,71.554,67.29,0.759307692,1.05,19.82142857,177.73,14.042962,263.9913789999999,24.724942,54.7,-4.018898,7.044,0.887438,12.844299999999999,12.7874,7.9761500000000005,7.451600000000001,8.385000000000002,48.80207,44.46585,53.21026,0.8666666670000001,4.3,15.6,40.634,1.0064516129999999
4.177448941027573,4.43161327579793,4.286829357142857,4.015,9,12,23.074,42.9,India,140,2017,26.286916669999997,9.043,42.7,18.58,51.9,33.5,77.5,12.34981,40.642100000000006,76.63963318,NA,1.5391199999999998,8606.474648000001,6426.674406,2722.279813,9728.818371,30.74760469,28.490223179999997,6353.045173,130,0.5563169439999999,0.841022661,0.524056934,0.639832911,0.5747896220000002,0.6834413009999999,0.6271107909999999,0.34120180999999994,0.5092577349999999,0.5901408920000001,0.6834999999999999,38.667730000000006,26.84652156,18.79302,21.4,0.46806003100000004,53.8,27.2,78.8,68.803,70.427,67.32,0.7508153849999999,1.11,11.577608139999999,886.9159999999999,80.203086,1339.1801269999999,119.756757,33.6,-2.2853040000000004,7.9350000000000005,2.65515,12.8747,11.879700000000001,6.398,4.752,8.17,51.620000000000005,39.02,63.46,1.2727272729999999,3.5,10.5,41.949999999999996,1.019417476
4.489224034686189,5.047977483660017,4.502566433333323,4.437,27,29,80.136,31.6,Iraq,126,2017,20.229130579999996,5.646999999999999,18.7,13.09,42.7,61.6,35.2,11.048672999999997,73.94980000000001,19.504821780000004,NA,NA,599.5330832000001,15663.986069999999,6038.982176,29250.27635,17.38668464,17.4,17789.248440000003,120,0.5342225829999999,0.82262606,0.5060137969999999,0.6853170779999999,0.6028957540000001,0.7328916300000001,0.7826468360000001,0.3886989,0.6562719120000001,0.636637323,0.81853,27.24027175,20.38928573,16.14712,17.3,0.545585821,46.5,18.7,74.1,70.038,72.319,67.787,0.7698153849999999,1.07,25.304878050000006,21.593,1.2193029999999998,38.274618000000004,5.848744,70.3,NA,360.59599999999995,0.523451,10.0903,11.9503,6.81945,5.4385,7.8377,47.660000000000004,38.660000000000004,56.660000000000004,1.9275362319999996,8.2,18,71.609,1.2
5.173755234430975,5.570295785184647,5.177533060865253,4.548,1,1,24.991,1.1,Iran,117,2017,11.192178449999998,7.675,17.1,16.3,38.4,50.5,41.4,14.880640000000001,46.0722,91.61125946000003,NA,NA,1548.7986090000002,19082.619599999995,6093.8025450000005,32016.69591,34.24676365,20.54840032,19130.24003,60,0.7413569469999999,0.8710688170000002,0.461026258,0.7980573429999999,0.7261882209999999,0.8336749140000002,0.793624974,0.7053102929999999,0.6371675089999999,0.7861419999999999,0.83516,4.862253474,11.41826487,19.714281890000002,9,0.706933042,44.2,16.8,71.4,76.15299999999999,77.334,75.061,0.863892308,1.05,5.882352941,57.521,4.414916999999999,81.16278799999998,6.715695,74.4,NA,118.26100000000001,0.3137,14.644499999999999,15.1086,9.840175077,9.7328,9.9348,68.47985,65.76886,70.86891,1.9549549549999998,13.1,30.3,33.425000000000004,1.139097744
5.928910004360478,5.600595509450127,5.80038202222222,5.89,5,5,52.757,5.8,Jamaica,56,2017,16.190703329999998,14.328,18.6,46.64,58.9,66,37.9,13.14003447,77.06269999999999,77.7620163,NA,NA,23.681869060000004,8193.57065,5898.117815,9812.018903999999,21.785521139999997,21.67038633,7845.587251999999,97,0.6903342909999999,0.988071741,0.411565134,0.732240923,0.7306331739999999,0.7394535669999999,0.658986116,0.6516344960000001,0.44833356,0.7680973849999999,0.72377,5.605949999999999,17.01112634,31.96616,11,0.607678495,67.2,57.3,77.4,76.09700000000001,78.51700000000001,73.738,0.863030769,1.05,19.047619049999998,1.954,0.279893,2.8902989999999997,0.20928600000000003,55.4,NA,2.233,17.0761,14.4301,12.8437,9.76,10.02,9.533999999999999,66.25964689,69.85172512999999,62.36603341,1.659793814,12.5,29.7,33.62500000000001,1.133587786
4.8904034641924925,5.2589098002501995,5.125309826547285,4.906,1,7,22.439,12,Jordan,101,2017,16.03092667,6.279000000000001,3.7,15.97,33.3,69.5,9.5,13.135924999999999,92.6049,26.61338997,NA,4.154879999999999,80.89326821,8337.489701,2459.179429,13970.558609999998,20.6360468,19.9551673,8288.462845,95,0.711086806,0.8570933820000001,0.45963997100000004,0.7353731399999999,0.6576217710000001,0.767269687,0.6672810839999999,0.590901047,0.530547983,0.7484164309999999,0.9589500000000001,16.901699999999998,16.127455740000006,20.49108,10.7,0.616776162,39.1,14,63.7,74.476,76.255,72.789,0.838092308,1.05,15.38461538,5.888,0.36967099999999997,9.702352999999999,1.2396229999999997,90.7,-6.517391,2.14,11.061,13.4364,12.850700000000002,10.386000000000001,10.129999999999999,10.642,83.54,81.36,85.83518131999999,1.9531249999999998,14.9,39.8,58.507,1.156976744
4.413556473038709,5.192657825415289,4.598276757142857,4.509,7,11,80.489,26.8,Kenya,121,2017,26.265173329999996,4.726,38,39.51,57.9,47.8,54.3,12.077442000000001,39.3999,77.74636841,42.62557027000001,0.896377,148.7531009,2993.0284479999996,2529.1995720000004,3397.6141730000004,19.27294565,18.856316569999997,2960.7996989999997,142,0.551351167,0.931158339,0.5494081009999999,0.589920177,0.5677152930000001,0.6096871709999999,0.511783539,0.42511645000000003,0.342383188,0.561671569,0.8006700000000001,22.895519999999998,26.428827589999997,33.1,22.8,0.4340111910000001,65.4,62.4,68.5,67.29100000000001,69.669,64.924,0.727553846,1.03,23.261390889999998,28.253,1.3351520000000001,49.699862,7.098565,26.6,0.4814551,7.574,2.6194399999999995,11.706199999999999,12.4772,6.476000000000001,5.746,7.1,34.6,29.22,36.552,1.936708861,11.5,26.2,71.18499999999999,1.303482587
5.29576328915165,5.224891536756913,5.165730233333332,5.261,6,5,38.116,16.7,Kyrgyzstan,86,2017,9.751073332999999,7.05,26.7,38.74,57.2,51.1,36.5,13.40113,102.206,38.854999539999994,20.45991271,1.2398399999999998,21.044626609999998,3393.4736130000006,2159.4717990000004,4369.315468000001,32.24492311,30.295459179999998,3255.238583,122,0.7347946110000001,0.960038694,0.392110616,0.672193033,0.6539121679999998,0.6811310549999999,0.526104554,0.6982072029999999,0.46205684900000005,0.690610015,0.98368,4.979270000000001,9.813085403,12.17395,12.1,0.6062301569999999,61.6,48.2,75.7,71.069,75.13,67.111,0.7856769229999999,1.06,19.166666669999998,3.8489999999999998,0.271351,6.045116999999999,0.756843,36.1,-1.2974979999999998,2.777,32.8601,13.6522,13.1592,10.876230000000001,10.945400000000001,10.8032,98.42,98.56,98.34,1.3968253969999997,7.3,15.7,50.016,1.2076923079999997
4.645508595672544,4.489954159024858,4.617976999999999,4.7,6,16,50.177,46.4,Cambodia,109,2017,19.21565333,6.861,26.7,50.260000000000005,84.5,46.3,51,11.721063109999998,124.895,21.526393889999998,74.44101132000002,NA,58.340697289999994,3645.069521,2970.2165130000003,3877.5525580000003,22.911589,21.91648797,3412.9374310000003,146,0.48705175300000003,0.914425969,0.472925552,0.581975041,0.553180265,0.604948114,0.533250664,0.35406300199999996,0.45677126700000004,0.6375083079999999,0.8227000000000001,27.304850000000005,19.428020829999994,14.34211,16,0.4689088090000001,84.6,80.9,88.7,69.331,71.324,67.127,0.758938462,1.05,18.478260869999996,10.293,0.7062059999999999,16.005373,1.7659809999999998,23,NA,12.2,1.7433199999999998,11.241599999999998,12.187199999999999,4.843999999999999,3.8299999999999996,5.588,21.259999999999998,15.08,28.1,1,0.2,0.4,48.638000000000005,0.8
4.367452125557935,5.071739015009992,4.524084324236873,3.973,4,10,65.351,28.1,Comoros,142,2017,44.175920000000005,5.1739999999999995,54.9,35.160000000000004,41.2,29.8,63.9,11.244699999999998,619,17.892957690000003,30.187611110000002,NA,1.1507820670000002,1413.8900359999998,1027.494158,1763.629584,20.89999999,212,1398.7975130000002,165,0.473419444,0.8759133760000001,NA,0.5032535549999999,0.46546768400000005,0.531408352,0.39851493500000007,0.24800371100000002,0.17529325000000004,0.4803297230000001,0.76409,47.61438,45.28151135,56.01338,28.9,0.2753727390000001,43.1,36,50.2,63.912,65.67499999999998,62.21,0.6755692309999999,1.05,6.060606061,0.466,0.024115,0.813912,0.12053300000000002,28.8,NA,0.596,21.326,11.111299999999998,11.373600000000001,4.832,3.6835000000000004,5.6194,NA,NA,NA,1.1463414630000002,4.3,10,69.45700000000001,0.8849557520000001
5.90645030974606,5.459665123204334,5.850126515079372,5.895,2,2,1.643,0.2,South Korea,54,2017,13.985834180000001,19.162,4.9,41.99,60.3,70.3,24.1,16.49749,80.7792,94.68531035999999,170.05646850000002,1.11402,1849.611591,35938.374220000005,22572.106569999996,49297.12327,31.07565107,31.120952770000002,35944.709489999994,22,0.8621412780000002,0.9320127039999999,0.06308091399999999,0.9025611259999999,0.8659739960000001,0.929143983,0.888897573,0.7024942449999999,0.7089847039999999,0.9286992000000002,0.7815099999999998,18.517502529999998,14.314313979999998,20.24,3.2,0.773365693,62.6,52.2,73.2,82.361,85.304,79.21000000000001,0.9594,1.07,17,37.019,7.09373,50.982212000000004,2.229763,81.5,4.734303000000001,0.24200000000000002,0.406604,15.869000000000002,17.0515,12.11633,11.4068,12.852900000000002,95.56,89.75212184,95.56087009999999,0.923076923,3.8,10.7,18.555,0.9727272730000001
5.987549446398394,5.505283334043605,5.814510816615556,6.021,1,1,8.991,0.1,Kuwait,51,2017,NA,3.063,3.5,28.99,67.6,69.8,1.9,13.587319999999998,NA,73.46301270000001,92.17310226999999,0.10960500000000001,271.06889939999996,65530.53658,39570.35386,93476.35592000002,NA,NA,70523.94057999998,56,0.619947889,0.9900475849999999,0.2696804890000001,0.8030660239999999,0.7912380009999999,0.79919189,0.9907046530000001,0.509654061,NA,0.790121646,0.8677200000000002,17.790822379999998,NA,NA,6.3,NA,69,47.4,84.1,74.811,76.139,73.899,0.843246154,1.05,3.076923077,3.1670000000000003,0.09701,4.136528,0.32041800000000004,100,26.90117,1.102,0.019105999999999998,14.302000000000001,12.9087,7.275670000000001,8.015400000000001,6.8916,51.23852202000001,54.77709,49.27411278000001,1.555555556,2.1,15.5,27.548,1.313559322
5.2907820148762434,5.608766704085069,5.734594906195422,5.809,1,1,27.497999999999998,0.2,Kazakhstan,60,2017,7.868843333,10.741999999999999,18.1,48.660000000000004,67.6,61.2,25.6,15.148979999999998,NA,60.28655243000001,41.920900100000004,2.84952,433.90618649999993,24055.588320000003,16813.647820000002,28815.31778,NA,NA,22626.3906,58,0.8136050000000001,1.0073790499999997,0.196727128,0.800434604,0.8009174849999999,0.7950507649999998,0.818979168,0.7878408960000001,0.734297786,0.691911892,0.8727600000000001,3.16666,7.9279126049999995,10.33987,10.1,0.736976848,71,65.4,77.3,70.027,74.807,65.252,0.769646154,1.06,22.07792208,11.847999999999999,1.2726939999999998,18.204499,1.9704739999999998,57.3,-5.799423000000001,2.4119999999999995,0.222701,15.5058,14.806400000000002,11.783999999999999,11.82,11.65,98.78,98.54,99.1,1.333333333,4.9,4.7,42.913,1.044444444
4.788046305782672,3.7354946478136877,4.655633633333338,4.796,11,18,62.629000000000005,77.2,Laos,105,2017,25.8266,6.387,61.3,47.33,77.8,29,82.9,11.20924,75.8266,31.87420273,NA,NA,43.87411726,6397.3598250000005,5354.170639000001,6789.472153,29.041682429999998,29.041682429999998,6070.115630000001,139,0.48449611100000006,0.9335267509999999,0.46086054000000004,0.6012757249999999,0.579334302,0.6205867169999999,0.6202292060000001,0.319504352,0.494164519,0.5562946000000001,0.8100900000000001,34.0543,26.07169942,20.325499999999998,23.1,0.44451292600000003,78.3,76.9,79.7,67.021,68.571,65.44600000000001,0.7233999999999999,1.05,27.516778520000003,4.326999999999999,0.276334,6.85816,0.76342,34.4,NA,7.059,0.737738,10.890600000000001,11.5204,5.193849999999999,4.611999999999999,5.656,39.24,33.64,45.160000000000004,0.8571428570000001,0.7,1.7,52.127,0.944444444
5.214577848029563,5.4975316865713175,5.244989866666661,5.197,18,21,11.821,0.4,Lebanon,91,2017,NA,12.447999999999999,3.2,24.93,44.2,76.5,25.6,12.49981,69.9708,32.905464169999995,NA,NA,81.30630268,13367.565019999998,5522.659670000001,21182.16833,21.77708261,21.77708261,13377.729840000002,80,0.6372169439999998,0.889377937,0.380661614,0.7566959820000001,0.7008769009999999,0.7880529439999998,0.739595517,0.597856054,NA,0.8577571380000001,0.9179900000000001,6.177,NA,NA,6.7,NA,47.2,23.2,71.1,79.758,81.59100000000001,78.167,0.919353846,1.05,3.125,4.159999999999999,0.5178590000000001,6.082357,0.488931,88.4,NA,5.3229999999999995,15.3434,12.350600000000002,12.6675,8.7,8.4578,8.888,54.28774,53.02489,55.388659999999994,1.271186441,6.3,16.5,33.758,0.9649122809999998
4.955666579775971,5.266851502068285,5.079089015333007,4.366,1,1,14.088,10.1,Sri Lanka,130,2017,13.63970063,15.274,26.7,32.21,51.4,47.7,40.1,13.852280000000002,51.0692,73.44207001,NA,1.57717,250.2316803,11669.076679999998,6462.447625,16581.106959999997,36.52657828000001,26.352629599999997,11325.62717,76,0.748618889,0.9352897360000001,0.35354694,0.770010247,0.7380786770000001,0.7891444209999999,0.714441215,0.6529004780000001,0.564172066,0.793008692,0.56893,12.786,13.83140743,21.03310189,7.1,0.6635069929999998,53.5,35.1,74.1,75.485,78.803,72.112,0.853615385,1.04,5.777777778,13.762,2.102028,20.876917000000002,1.575178,18.4,-3.527356,115.639,8.248149999999997,14.1326,13.5691,10.915000000000001,10.3377,11.4217,82.82,82.64,83.14,2.357142857,4.1,20.7,36.427,1.2395209579999997
4.041228158664812,4.338659877424183,4.137180878243139,3.975,1,13,127.46000000000001,68.7,Liberia,141,2017,31.03098333,5.545,43,49,54.3,45.1,77.7,10.03589975,NA,28.162002559999998,NA,NA,3.562121294,752.7878395000001,576.9079933999999,755.0263784,NA,NA,666.7729501,181,0.43437499300000015,0.8459229970000001,0.6556459600000001,0.43509390800000003,0.3978614710000001,0.47032823600000007,0.28659492700000005,0.24815448100000004,0.221474713,0.47968230800000006,0.89029,42.87091,31.59566047,22.722039999999996,27.5,0.297623114,55.7,53.9,57.4,63.006,64.009,61.999,0.6616307689999998,1.05,9.900990099000001,2.609,0.144654,4.731906,0.72717,50.7,NA,6.048,26.8875,9.2617,10.574,4.667999999999999,3.4579999999999997,6.1183,29,18.54,39.64,1,2.4,3.3,75.838,1.269230769
3.8492656978914295,4.482226663985776,4.1309667020146446,3.802,2,10,89.518,55.3,Lesotho,144,2017,30.505436669999995,7.497,10.4,47.839999999999996,48.4,49.1,59,10.56401,NA,46.46006012,15.501908799999999,1.6353,6.367590640999999,2851.152754,2608.3285360000004,3940.0660049999997,NA,NA,3254.907249,159,0.5017780560000001,1.0040306589999999,0.543788362,0.5197294300000002,0.5185759999999999,0.5164941879999999,0.526089178,0.3918068210000001,0.30986652600000003,0.380248,0.96565,21.91631,30.97699095,41.1,28.5,0.35873289199999997,66.5,59.3,74.4,54.568000000000005,56.69800000000001,52.197,0.5318153849999999,1.03,22.72727273,1.342,0.10063000000000001,2.2333390000000004,0.28868000000000005,27.7,-1.554583,0.011,15.1914,10.9578,10.1684,6.25,7.01,5.48,29.04,31.8,24.2,1.2137096769999995,27.3,38.5,58.88399999999999,1.1159420290000002
5.514902986674808,5.206326007330794,5.322899888258288,5.525,1,6,5.661,10.4,Libya,72,2017,NA,6.561999999999999,12.4,22.5,43.2,60.9,36,13.402500000000002,NA,59.62096024000001,40.31789056999999,NA,113.98775560000001,17881.509349999997,4623.13792,17471.77047,NA,NA,11100.097389999999,108,0.615958333,0.9287720340000001,0.17020605800000002,0.705599425,0.668139214,0.7193791249999999,0.7114028539999999,NA,NA,0.688653692,0.9713799999999999,NA,NA,NA,14.1,NA,52.5,25.8,79,72.11,75.12299999999999,69.327,0.801692308,1.06,15.957446810000004,4.298,0.28198800000000007,6.374616,0.619246,79.8,NA,11.216,NA,13.6269,13.1876,7.31,7.73,6.970000000000001,57.4,69.36,44.96,1.863013699,17.7,46,41.769000000000005,1.2137203169999995
5.203994119915628,5.415264415340438,5.298777577670675,5.208,1,1,31.095,8.2,Morocco,89,2017,NA,10.282,37.5,17.77,44.4,43,50.7,12.42933984,83.45620000000001,16.806446079999997,109.3956705,2.42382,271.64764690000004,7485.012951000001,3197.105583,11561.11962,33.16937739000001,30.501809160000004,7339.621319000001,123,0.52905944,0.83810912,0.4823814990000001,0.6665125699999997,0.597879988,0.7133677149999998,0.6489161389999999,NA,NA,0.7417036920000001,0.88607,NA,NA,NA,14,NA,49,25,74.1,76.059,77.21700000000001,74.86,0.862446154,1.06,18.446601939999997,23.53,2.4192629999999995,35.739580000000004,3.5015,61.9,-1.4488779999999999,3.098,6.2739,12.0245,12.810500000000001,5.513999999999999,4.532,6.523999999999999,31.3,27.979999999999997,34.78,1.1098901099999998,9.3,18,41.606,0.97826087
5.5780387599205055,5.553567619058977,5.518493866666664,5.529,9,7,21.956,0.9,Moldova,71,2017,10.317430000000002,14.801,33.3,52.160000000000004,40.6,49.6,28.7,11.633859999999999,113.20100000000001,44.55144882,24.277831210000002,2.56456,18.4231019,5189.97166,4849.192580000001,6317.809763,23.272682529999994,21.856167160000005,5553.85036,112,0.709674778,1.004911021,0.226193978,0.6997533989999999,0.7009425479999999,0.6975170269999998,0.606802435,0.657665197,0.521706646,0.719278031,0.96795,7.32865,10.36086476,14.02364,9.6,0.627252896,42.5,39.5,45.8,71.718,75.99600000000001,67.44100000000002,0.795661538,1.06,22.772277229999997,2.973,0.440104,4.0512120000000005,0.21307,42.6,-2.543768,2.34,20.171800000000005,11.9231,11.355300000000002,11.59536,11.475000000000001,11.695500000000001,96.37617999999999,95.50932,97.37906999999998,0.517241379,4.5,12.8,21.444999999999997,0.96969697
5.469848160040599,5.4794246310258785,5.261391255555559,5.523,5,42,11.796999999999999,0.4,Montenegro,73,2017,8.772671003,21.994,7.6,44.56,40.7,74.3,11.7,14.90172,106.2,67.57224274,NA,11.4886,10.214305719999997,16409.287700000004,12967.45437,20692.39451,29.30940554,25.185033769999997,16778.70192,50,0.790175333,0.956064015,0.13234398900000002,0.8136923020000001,0.7944896629999999,0.831000488,0.7738125049999999,0.731963433,0.6612146369999999,0.8423242460000001,0.81635,7.36696,8.873748028000001,14.55105301,4.4,0.7414872969999999,48.4,42.2,55,77.271,79.62299999999999,74.889,0.8810923079999999,1.06,23.45679012,0.42200000000000004,0.09284799999999999,0.62896,0.03577999999999999,66.5,-11.86931,0.709,9.093219999999999,15.1532,14.665700000000001,11.287159999999998,10.6675,11.9863,89.42461000000002,87.03689393,96.36428963000002,0.921686747,16,33.1,26.993,0.9792899409999999
3.9020801347058933,3.739021489562723,4.016323399999999,3.933,20,42,109.59,86.4,Madagascar,143,2017,25.58425333,5.2219999999999995,74.4,53.41,84.9,16.4,85.4,10.56879,74.4538,16.31496811000001,18.983770449999998,NA,36.219625910000005,1416.4395070000003,1172.802061,1543.683513,15.1505179,15.1505179,1357.758439,161,0.4984425,0.9622831209999998,NA,0.5191625269999999,0.511158517,0.5311934770000001,0.39401682500000007,0.323915451,0.3134865630000001,0.5607314460000001,0.7952799999999999,35.01447999999999,25.897675520000004,20.43828,21.3,0.3847115,86.5,83.6,89.4,66.312,67.91000000000001,64.73,0.7124923079999999,1.03,19.626168220000004,14.345,0.7490990000000001,25.570895000000004,3.847428,36.5,NA,0.29800000000000004,2.27615,10.4949,10.644599999999999,6.145949999999999,6.6758,6.0988,NA,NA,NA,1.117647059,1.8,3,73.029,1
5.419936376942967,5.404944399467168,5.365496643056933,5.274,3,17,16.201999999999998,4.9,North Macedonia,84,2017,12.431818679999997,18.929,16.4,39.67,42.4,53.8,22.8,13.328259999999998,123.96000000000001,72.88609314,59.76932598000001,3.79877,27.31275567,13111.213570000002,9114.300572999999,15896.57714,31.63355857,23.257652760000003,12504.945609999999,80,0.6912947779999999,0.9459240870000001,0.14900119800000003,0.7566871879999999,0.7312294340000001,0.7730318370000001,0.729404216,0.618450697,0.581640664,0.8033951540000001,0.97086,10.537339999999999,12.626452330000001,20.258116029999996,6.5,0.6611444409999999,55,42.5,67.6,75.851,77.906,73.85,0.859246154,1.05,37.5,1.4589999999999999,0.276225,2.0831600000000003,0.11834499999999999,57.7,-2.0487130000000002,1.6640000000000001,2.77258,13.4922,13.1722,9.631959999999998,8.9444,9.9017,47.79691000000001,40.47339409,56.0347893,0.93220339,23,46.9,23.826,1.006437768
4.390469452132747,4.364360936352462,4.30289016666667,4.39,27,39,169.127,75.9,Mali,128,2017,32.779756670000005,5.06,57.6,43.57,65.9,33.9,87.9,7.7428,63.1328,25.711921690000004,27.28405384,NA,37.349219149999996,2014.3058700000001,1345.0003570000001,2559.8337440000005,19.94165214,19.26646462,1952.9460100000001,182,0.29285844400000005,0.810801388,0.6775051289999998,0.42686886100000015,0.38031189900000006,0.46905679400000005,0.4489261690000001,0.15762534700000003,0.37996069400000004,0.373910646,0.98176,46.176950000000005,33.968720760000004,15.36232,36.8,0.28186696900000013,71.5,60.8,82.5,58.455999999999996,59.189,57.714,0.5916307689999999,1.05,8.843537415000002,9.229,0.467029,18.541980000000002,3.3956029999999995,41.6,NA,150.32600000000002,6.80199,6.8450999999999995,8.607899999999999,2.33342,1.7427,3.0435000000000003,13.101249999999999,7.34422,16.381121999999998,1.1917808220000001,7.9,18,95.842,1.071428571
4.332828648355839,4.486251264611914,4.361208499999993,4.36,6,17,28.678,41.9,Burma Myanmar,131,2017,18.899251180000004,8.499,49.9,42,64.6,33.5,58.2,10.04659,NA,25.978712079999994,41.14715436,6.75815,298.4269307999999,5591.59688,3860.428103,7354.9192,NA,NA,5567.223953,148,0.44285027800000004,0.9594278760000001,0.455804038,0.578263213,0.5626013300000001,0.5863925199999999,0.607165737,0.32393293300000003,0.5716766960000002,0.5465452310000001,0.80741,26.852719999999998,19.409286229999996,5.845033545,24,0.46602645100000006,65.1,51.3,79.9,66.74400000000001,69.086,64.35799999999999,0.719138462,1.03,10.244648319999998,35.992000000000004,3.0590049999999995,53.370608999999995,4.524004999999999,30.3,-6.694106999999999,1106.555,3.7007300000000005,10.2914,9.8016,4.91335,4.930600000000001,4.756600000000001,25.779999999999998,28.74,22.34,1.2857142859999997,0.8,1.7,39.787,1.133333333
5.139229361706655,5.535733343877944,5.203710308700753,5.285,1,1,23.632,2.1,Mongolia,83,2017,13.673400000000001,6.08,30.4,47.41,55.2,50.6,46.9,15.456470000000001,116.588,94.95379639,65.30787867,13.0079,36.418262840000004,11840.846119999998,8481.818404,11759.185379999999,36.15995041,23.764772439999998,10103.050229999999,92,0.7662990560000001,1.022981176,0.3009910539999999,0.7408163149999999,0.74982008,0.7329754420000001,0.6971860169999999,0.674954676,0.5877278130000001,0.659026,0.9459500000000001,11.9202,13.68745371,15.7,13.4,0.6394174249999999,59.3,52.7,66.2,69.465,73.729,65.44000000000001,0.761,1.03,17.105263160000003,2.0389999999999997,0.123977,3.0756469999999996,0.365806,68.4,-16.87732,2.228,2.3795599999999997,15.9496,14.972600000000002,10.10858,10.631899999999998,9.7663,88.78,91.22,86.34,0.746835443,7,18.9,44.747,1.0441988949999998
4.919990703863304,5.468157591738846,4.789221866666657,4.49,11,22,79.221,15.9,Mauritania,122,2017,32.665303330000015,5.512,75.9,20.35,44.4,16.9,45,8.58813,109.274,15.487277979999998,NA,11.7065,15.902197750000001,3597.6325300000003,1936.3206570000002,5220.937780999999,56.83315822000001,58.531149920000004,3591.7611960000004,159,0.38862583300000003,0.844902748,0.6165675109999998,0.519643721,0.46960468600000005,0.555809159,0.540964978,0.230124165,0.40782944000000004,0.44985870800000005,0.9775299999999999,40.785160000000005,32.99097588000001,24.610750000000003,32.6,0.348208186,49.4,31,67.7,63.38399999999999,64.918,61.861,0.6674461539999998,1.05,25.170068030000003,2.517,0.13871600000000003,4.420183999999999,0.667225,52.8,NA,36.53,1.5358199999999997,8.529,8.604899999999999,4.502,3.528,5.462,18.419999999999998,12.239999999999998,24.5,1.2315789469999998,10.2,18.6,70.13,1.081395349
5.917013928376752,5.549728091208453,5.669692960173149,5.888,4,11,26.567,1.9,Mauritius,57,2017,13.41699414,15.489,7.3,37.93,54.5,66.7,16.2,15.057269999999999,97.13229999999999,87.11295319,124.93061850000001,NA,25.66246867,20292.74463,12558.07028,27986.17989,16.892793929999996,17.272426819999996,20189.31686,65,0.728924167,0.9678672779999999,0.37314302799999993,0.7901201749999999,0.7732950510000001,0.7989680699999999,0.80176435,0.6329248540000001,0.6559957140000001,0.7688980150000001,0.40144,13.17,13.500390639999999,18.180982420000003,8.9,0.6834508649999999,58.7,45.1,72.7,74.861,78.43,71.424,0.844015385,1.04,11.594202899999999,0.894,0.138474,1.2651379999999999,0.067437,40.8,-19.94395,0.133,0.010212,15.5327,14.5923,9.32,9.139999999999999,9.51,65.82,64.34,67.26,2.340425532,7.2,23.3,26.02,1.301675978
3.8553221519491045,4.036791171801452,3.932616100000006,3.41,7,17,140.23499999999999,82.6,Malawi,150,2017,30.37476333,5.617999999999999,84.7,32.21,72.3,6.9,59.9,10.796494070000001,65.3299,29.845487589999998,NA,4.39632,20.391987660000005,1095.042089,897.2559401,1234.6900939999998,13.432220019999999,13.432220019999999,1064.4165110000004,171,0.45090261300000006,0.9358236980000001,0.6194763789999999,0.4765527950000001,0.46031529600000004,0.49188249600000006,0.357248597,0.322736747,0.24150005200000002,0.468287492,0.80627,28.42429,30.39372715,32.4,30.3,0.331710639,77,72.3,81.9,63.671,66.21000000000001,61.018,0.6718615379999999,1.03,16.666666669999998,9.876000000000001,0.554787,18.622104,2.9662699999999997,16.7,-4.622490999999999,0.43500000000000005,0.648863,10.9445,10.7831,4.53,4.008,5.06,21.08,16.74,25.4,1.3725490200000001,6,8,82.94900000000001,1.081081081
6.474810613699593,5.497112662525099,6.063213470400164,6.595,1,4,60.264,11.3,Mexico,23,2017,20.75255593,10.316,13.1,40.449999999999996,59.2,61.1,27.2,14.104169999999998,77.5655,33.28747559,55.21909096,2.75897,2239.2351400000002,17336.46907,11064.613460000002,22872.888830000004,23.14740088,22.348622519999996,16944.09546,74,0.6784774999999998,0.9538006680000001,0.342957918,0.774034621,0.7524087549999999,0.7888532489999999,0.7752942230000001,0.5621755330000001,0.520873223,0.773176692,0.6781299999999999,17.14161,21.259073160000003,32.816057799999996,12.3,0.6094820339999999,61.3,44.1,79,77.30499999999999,79.71000000000001,74.91700000000002,0.8816153849999999,1.05,41.40127389,85.861,8.857168,129.163276,11.547013999999999,79.9,-2.9356299999999997,11.677,2.66258,14.4002,13.815500000000002,8.60085,8.4221,8.8033,59.325450000000004,57.84448999999999,60.985479999999995,1.028571429,3.5,6.9,40.117,1.078125
5.4546730716298075,5.49890003122841,5.3482237272970234,5.339,1,7,13.414,1.1,Malaysia,80,2017,NA,9.068,11,39.760000000000005,62.3,61.6,22.2,13.675630000000002,135.92000000000002,82.47853850999998,NA,3.0243800000000003,847.7884577000001,26808.16406,20004.42202,31826.320069999998,25.462096579999994,25.30128054,26107.27002,57,0.7188199439999999,0.9755138459999999,0.2869618890000001,0.801807695,0.7906535069999999,0.810499523,0.84059477,0.606992778,NA,0.8027743380000001,0.6873799999999999,15.55704832,NA,NA,5.9,NA,64.5,50.8,77.4,75.452,77.853,73.309,0.8531076920000001,1.06,13.10344828,21.944999999999997,1.9899889999999998,31.624264000000004,2.64366,75.4,-0.3756419,0.544,0.523988,14.085700000000001,13.290199999999999,10.168239999999999,10.0169,10.2952,80.04,78.9,81.26,1.258064516,3.4,10.9,35.037,1.068627451
4.069514329156265,4.165207996219978,4.346490833333326,4.466,10,15,135.24699999999999,76.8,Mozambique,123,2017,32.60155667,6.068,73.3,30.479999999999997,59,22.4,84.6,9.66901,108.90700000000001,32.87394714,32.61505135,18.8025,33.70683839000001,1136.102564,1052.037544,1135.269325,35.554484469999984,21.66968008,1092.688158,180,0.385220944,0.904037117,0.5523470930000001,0.4365799110000001,0.41428562100000005,0.458261738,0.361208385,0.254977242,0.258644926,0.385131815,0.83035,33.81013,32.67011932000001,28.39454,35.6,0.2939487330000001,78.8,82.5,74.6,58.872,60.966,56.671,0.5980307689999999,1.03,39.6,15.443,0.937032,29.668834,5.047312,35.5,-18.713860000000004,0.05,1.39367,9.1731,10.165600000000001,3.49912,2.4957999999999996,4.5833,19.283676139999997,16.062168279999998,27.286662699999997,1.179824561,25,42.7,86.05,0.9793577979999999
4.742165256468637,5.157531553305052,4.770523899999995,4.639,6,20,73.81,26.4,Namibia,113,2017,32.93375,5.945,20.2,49.75,47.3,60.2,25.3,12.34296,84.17269999999998,80.66267395,78.85842744,3.1501,24.176976600000003,9541.808292,8894.989121999999,9906.736067000002,17.64695623,16.04917362,9387.195907,129,0.57086,1.0135244269999997,0.472001458,0.64652527,0.65053885,0.641858087,0.686084817,0.428055546,0.31844228900000005,0.5506200000000001,0.9664299999999999,25.01567,34.75576978,53.58558,20.2,0.4218204350000001,61.7,58.5,65.2,64.85,67.724,61.821,0.69,1.03,36.301369859999994,1.514,0.090011,2.5337940000000003,0.34851099999999996,49,-1.7797599999999998,1.372,0.31025099999999994,12.4321,12.2458,6.84,7.1499999999999995,6.553999999999999,40.4,39.879999999999995,41.04,1.142201835,23.3,45.5,61.412,1.1848958330000001
4.458631089230692,4.562350300959043,4.4838711666666615,4.628,7,22,191.984,73.9,Niger,114,2017,28.766243069999994,5.404,75.6,50.56,78.6,16.8,88.5,5.368508626999999,49.5873,10.910046580000001,19.085117539999995,NA,19.888027299999997,926.000142,691.0000771,1119.494868,33.693056850000005,33.66385947,905.8680486,189,0.214169573,0.8117212020000002,0.648881934,0.35393119199999995,0.317181443,0.390751704,0.33288506,0.139285546,0.27817906500000006,0.40484187700000007,0.9386300000000001,34.96483,29.272799399999997,16.43389921,34.9,0.250325624,78.9,67.5,90.7,60.422000000000004,61.496,59.435,0.621876923,1.05,16.95906433,10.147999999999998,0.548358,21.477348,4.366453999999999,16.4,NA,1.369,2.4355399999999996,4.7381,5.984,1.9513299999999998,1.5164,2.617,6.619999999999999,4.28,8.88,0.5,0.3,0.5,106.24400000000001,0.625
4.770422114227958,4.107453666498825,4.812461466666673,5.265,51,58,107.33,71.7,Nigeria,85,2017,34.55104666999999,5.164999999999999,36.6,53.24,51.3,51.8,80.4,9.970482000000002,NA,27.27667618,23.28288919,0.930683,1019.0378149999999,5338.454127,4433.334059,6007.893624000001,NA,NA,5231.222288000001,157,0.4828078330000001,0.8677993040000002,NA,0.5318096990000001,0.493515728,0.5686980000000001,0.5977622799999999,0.29888334800000005,0.4294421050000001,0.326242308,0.87416,38.09476,34.70309141,28.15838,37.4,0.34725529299999996,55.2,50.4,59.8,53.875,54.690000000000005,53.086999999999996,0.521153846,1.06,5.769230769,101.66199999999999,5.250721,190.88631100000003,32.378337,49.5,-2.8534579999999994,216.02,5.854819999999999,9.197999999999999,10.8202,6.1754999999999995,5.0478,7.2734000000000005,NA,NA,NA,0.8181818180000001,7,13.4,82.60199999999999,1.1260504200000003
6.074243031335637,5.71068626861085,5.609989175301148,6.105,1,1,85.396,8.8,Nicaragua,45,2017,22.61453355,8.31,29.4,50.13,63.7,53,39.4,12.07148158,96.6509,24.79252815,51.357969239999996,6.4903900000000005,33.0865061,5321.443515999999,3433.7192609999997,6929.746137,28.986794319999998,28.105887160000005,5157.315656000001,124,0.557985599,0.9660017909999999,0.45592138100000007,0.657739789,0.642160793,0.664761493,0.5956129479999999,0.4145668070000001,0.42145188200000006,0.7457502,0.8536300000000001,25.702955960000004,22.9230503,29.240644699999997,12.9,0.506965766,66.6,50.3,84,75.65299999999999,78.62799999999999,72.603,0.8562000000000001,1.05,45.65217391000001,4.074,0.33854599999999996,6.217580999999999,0.591694,58.3,-5.890289,1.478,10.0961,12.3396,11.8049,6.68,6.94,6.4,47.5,48.28,46.56,1.333333333,4.4,8.5,44.309999999999995,1.268656716
4.52445783199256,4.923397652130792,4.71578142741148,4.913,5,10,60.482,32.6,Nepal,100,2017,24.599106669999998,9.177999999999999,71.7,31.6,81.9,20.2,78.9,12.19644,51.7747,41.60002136,87.10105186999999,0.8019980000000001,71.58636464000001,2442.8039420000005,2219.010541,2738.088503,42.511065689999995,33.80247638,2470.9880209999997,149,0.5015183329999999,0.924523935,0.479601007,0.574038025,0.552495881,0.597600408,0.4844664210000001,0.29649262300000007,0.40541932900000005,0.649288246,0.8249200000000001,40.88099999999999,25.553440249999998,16.31632,16.6,0.4273515610000001,84.2,82.7,85.9,70.604,72.24700000000001,68.983,0.778523077,1.07,29.57983193,18.549,1.7024679999999999,29.304998000000005,2.745543,19.3,NA,8.42,28.3104,12.630299999999998,11.778099999999998,4.88185,3.5938,6.353,34.56,27.34,43.08,0.71875,2.7,4.3,48.806,0.74137931
6.0418059222458,5.80995768626619,5.840327079220762,6.321,4,2,81.82799999999999,4.3,Panama,31,2017,20.168141889999998,12.238999999999999,15.1,42.02,63.2,66.7,32.2,12.699919999999999,NA,42.33934402,83.29338610999999,9.80867,91.26338765,22267.03682,13228.80266,25101.84655,NA,NA,19178.208410000003,66,0.6917755560000001,0.988491805,0.461150009,0.7893202999999999,0.7819662269999998,0.791070015,0.7940032659999999,0.6051874049999999,0.504290313,0.7923473079999999,0.7345499999999999,12.51679831,21.07000193,36.48762735999999,11.5,0.623010497,66.9,52.8,81.2,78.195,81.251,75.29,0.895307692,1.05,18.309859150000005,2.6519999999999997,0.32453099999999996,4.098586999999999,0.38903,67.4,-10.05932,0.041,0.8622510000000001,13.2734,12.142999999999999,10.17,10.446,9.894,71.20978211999999,72.70046695,68.39889969000001,1.4680851060000002,5.6,14.2,42.335,1.2241379310000002
5.71869518072761,5.480172068272766,5.6881672619047565,5.697,10,17,47.467,8.8,Peru,65,2017,18.926161410000002,10.924,28.4,46.68,73.8,55.7,50.3,13.79727689,46.8671,34.43521500000001,NA,3.2023800000000002,393.59958819999997,12236.70615,8446.349392999999,15139.68728,20.931642869999994,20.60013608,11789.348240000001,89,0.688605358,0.949867805,0.36758862900000006,0.749772855,0.72799436,0.7664165019999999,0.720502837,0.583344957,0.51665488,0.7373993849999999,0.7234799999999999,15.286026999999999,19.21205918,28.292457229999997,13.2,0.60572605,76.7,69,84.5,75.22,77.893,72.603,0.849538462,1.05,27.69230769,21.057000000000002,2.3002569999999998,32.165485000000004,3.0268619999999995,77.7,-6.30889,2.5989999999999998,1.4434199999999997,13.9304,13.6094,9.160430000000002,8.659,9.6686,62.24047,57.09268,67.45924000000001,1.027777778,3.7,9,41.833,1.0112359549999999
5.83604718986182,5.308344302243247,5.370369857142852,5.631,11,11,60.499,18.2,Philippines,69,2017,17.580713329999995,7.5649999999999995,26,44.9,60.6,56.3,35.4,12.59039,70.65579999999999,38.85416411999999,66.26664256000001,3.2045700000000004,797.2922967999999,7599.18806,7581.577549,10705.15922,25.017173980000003,25.16052518,9153.543520000001,113,0.660628722,1.000265427,0.42743586800000005,0.6989323729999999,0.698653633,0.6984682409999998,0.6822773749999999,0.5842851459999999,0.49952296600000007,0.6484265849999998,0.6477900000000001,11.5562,17.85548878,26.785939999999997,14.4,0.5741345809999999,62.3,49.6,75.1,69.238,72.816,65.94100000000002,0.757507692,1.06,29.113924050000005,66.604,5.038839,104.91809,11.611498,46.7,-1.3460550000000002,0.43400000000000005,10.462500000000002,12.876500000000002,12.3198,9.32687,9.4839,9.1647,73.22,76.61345204,72.38818411999999,1.111111111,2.8,7.9,49.961,1.1285714290000002
5.653007571112408,4.814481319443436,5.089538066666662,5.653,17,24,36.908,31.2,Pakistan,67,2017,29.59689637,7.402,42,10.18,52.2,34.3,59.7,8.58696,25.788099999999996,7.025063992000001,53.861942449999994,0.9230970000000001,991.9177567999999,5034.707755999999,1641.678654,8785.578633999998,16.0943642,14.4943642,5311.219289000001,150,0.41148466700000014,0.7503431639999999,0.5410375749999999,0.561602586,0.465369348,0.620208687,0.600054773,0.22135287199999998,0.5305420279999999,0.4949847690000001,0.86233,46.20628912,31.02318062,11.5844,31,0.38737560100000007,54.4,24.9,82.7,66.62899999999999,67.696,65.634,0.7173692309999999,1.09,20.04504505,119.642,8.855747000000003,197.01595499999996,25.122501999999997,36.4,-1.29955,128.929,6.45643,7.802,9.3152,5.18874,3.7855000000000003,6.5328,37.33127999999999,26.97026,47.255160000000004,2.1875000000000004,4,7.7,57.27,1.1492537310000002
5.457513138914782,5.701406332260799,5.3629204445875756,4.696,1,1,56.247,2.9,State of Palestine,110,2017,14.94407667,5.303,9.6,19.1,33.1,61.1,39.9,12.82014,74.2125,15.910773279999999,NA,1.40278,20.84678132,4449.898325,1802.2170510000003,8216.424154,22.800228999999998,22.41604072,5055.086173000001,119,0.659603,0.8767700840000001,NA,0.685835515,0.622593672,0.710099128,0.592588612,0.5664965409999999,0.48286075600000006,0.724633662,0.7870599999999999,14.115530000000001,14.985581550000003,18.5167,12.2,0.583059075,45.9,19.5,71.8,73.646,75.637,71.756,0.8253230770000001,1.05,NA,2.824,0.14974300000000004,4.920724,0.7253919999999999,75.9,-2.0029479999999995,99.641,14.7804,13.659600000000001,12.0134,9.10464,8.892700000000001,9.312700000000001,60.399,58.51325,62.25176,1.1481481480000002,27.9,44.5,68.96300000000001,1.0671462829999998
5.894785361755353,5.652422646573166,5.82680652698412,5.743,5,8,55.694,4.4,Paraguay,63,2017,24.75498667,9.931,21.2,42.32,66.3,59.3,39.1,12.68790331,84.579,46.04944992,43.958817259999996,1.47745,60.123387130000005,8827.010058000002,6212.423647,10485.99978,19.473723409999998,19.090129239999996,8380.129335,110,0.630823425,0.9716438380000001,0.4673773810000001,0.701662434,0.6897535659999999,0.7098831259999999,0.6689425179999999,0.5253563089999999,0.40440251000000005,0.6712772309999999,0.9488200000000001,16.718960000000003,25.539089120000003,39.546,18,0.5224642399999999,70.4,56.6,83.9,73.21100000000001,75.482,71.09100000000001,0.818630769,1.05,16,4.374,0.434443,6.811297000000001,0.6738559999999999,61.3,-2.878087,0.07700000000000001,2.3678399999999997,13.1835,12.236099999999999,8.351450000000002,8.377600000000001,8.3244,48.04865,46.993170000000006,49.197970000000005,1.5957446809999998,5.8,12.8,45.776,1.2673267329999998
6.2287675152927395,5.513339875381648,6.03227791870074,6.374,2,1,9.922,0,Qatar,29,2017,NA,1.541,1.3,14.18,86.8,43.6,0.2,13.36037,NA,61.569530490000005,147.1701275,0.5882809999999999,308.6177228,116935.60040000001,59164.319,135960.8198,NA,NA,116817.9779,37,0.6979933889999999,1.031190469,0.20581610700000003,0.855616448,0.8697495240000002,0.843442167,1,0.6187166279999999,NA,0.8444534,0.83331,11.357809640000001,NA,NA,5.9,NA,86.9,58.1,94.6,78.331,80.034,77.568,0.8974,1.05,9.756097561,2.238,0.034492,2.639211,0.132379,99.1,-5.068162,0.036,0.39732300000000004,14.7633,11.957500000000001,9.80616,10.8252,9.514,68.37606999999998,70.91222000000002,68.01124689000001,7,0.2,0.5,16.362,2.5
5.555635673875644,5.540563529075902,5.514979172222225,5.603,2,14,18.884999999999998,0.5,Serbia,70,2017,14.633343329999999,26.24,19,45.08,46,56.6,28.1,14.641879999999999,113.709,70.12700652999999,54.217234489999996,6.9483500000000005,98.65500492999999,14048.88064,10672.354969999999,15474.152240000001,20.998535849999996,18.45644775,13018.708129999999,67,0.7776255560000002,0.9762500599999999,0.18084722,0.786693035,0.7768010390000001,0.795698839,0.7354862019999999,0.714388112,0.52463768,0.7908362619999999,0.9566900000000002,8.132119999999999,15.247057389999998,28.667910000000003,7.1,0.6667454960000001,53.5,45.9,61.7,75.333,78.17599999999999,72.51400000000001,0.851276923,1.05,34.4,5.818,1.526563,8.790574,0.467331,55.9,-4.291004,34.986,8.65769,15.0928,14.216,11.127199999999998,10.6939,11.6004,88.64245,84.64269,93.01813,1.119402985,14.1,32.8,24.863,1.0897009969999998
5.602414620621605,5.576589219341951,5.658000815484519,5.648,3,2,21.553,0.1,Russia,68,2017,9.301333333,20.784999999999997,6.7,49.660000000000004,60.3,66.4,6.3,15.535730000000001,46.72810000000001,76.13137053999999,NA,1.7677299999999998,3636.6507110000002,24765.95363,19510.26495,29671.487030000004,23.86231414,21.694059860000003,24232.555800000002,49,0.8322143889999999,1.0194792339999998,0.25745810700000005,0.8162754870000001,0.8232482200000001,0.8075183809999998,0.829338579,0.8136726520000002,0.682744691,0.7249883079999999,0.95555,2.228,9.528957066999999,17.676000000000002,8,0.7384929459999999,63.5,56.6,71.8,71.222,76.751,65.645,0.7880307689999998,1.05,16.12903226,98.224,20.415511999999996,143.98975399999998,9.527024999999998,74.3,0.169612,61.59,0.5096090000000001,15.860600000000002,15.228599999999998,12.01999,11.9585,12.111099999999999,95.57105469000001,95.83950418,95.29154004000002,0.907407407,5.2,16.3,25.808,0.993902439
3.4255314660542076,3.705548990096741,3.9751257587626276,3.334,1,5,25.729,70.8,Rwanda,152,2017,29.81589333,5.229,66.5,35.839999999999996,85,25.4,80,11.220419999999999,51.017199999999995,44.96050262000001,18.950778460000002,3.21137,22.636960000000006,1854.2107910000002,1567.9260170000002,2064.0863209999998,23.37630748,22.90246341,1811.223531,158,0.449877,0.941080154,0.38130451600000004,0.5239467120000001,0.5080181849999998,0.539824565,0.4375461730000001,0.318270612,0.27830640600000006,0.5567992620000002,0.8488800000000001,29.253860000000003,30.007364810000002,36.39382,23.8,0.366724111,86.2,86,86.3,67.49600000000001,69.62899999999999,65.32,0.7307076920000001,1.02,55.660377360000005,6.945,0.36313599999999996,12.208407,1.748807,17.1,-1.8973,258.99699999999996,2.3563499999999995,11.2144,11.2275,4.14596,3.7027,4.6717,15.83225049,12.647837599999999,16.97736158,1.1666666669999999,1.3,2.1,70.554,1.4
6.35220210945586,5.493080228239643,5.858104289650851,6.375,1,4,7.765,0.2,Saudi Arabia,28,2017,NA,4.606,6.3,14.93,52.9,71.2,3,16.92895,61.675200000000004,58.170104980000005,39.052217549999995,NA,1615.4682030000001,49045.41126,17422.292780000003,73945.49952999999,28.24160096,22.680897450000003,49680.220689999995,39,0.7869879439999998,0.8770922380000001,0.23406154,0.8532986380000002,0.7821554799999999,0.8917596640000001,0.937782979,0.6597643,NA,0.7669218460000001,0.90766,16.16589497,NA,NA,8.9,NA,56.1,22.3,79.5,74.72,76.489,73.424,0.8418461540000001,1.03,19.867549669999995,23.564,1.085452,32.938213000000005,2.990398,83.6,NA,1.216,0.041898000000000005,16.019900000000003,17.8231,9.502180000000001,8.8215,9.9279,72.8005219,67.75402806000001,75.53459099000001,5.294117646999998,5.7,34.7,35.176,1.289962825
6.253176047877017,5.466167802541919,5.912358753174613,6.262,2,5,3.678,0.3,Singapore,34,2017,11.93212452,17.923,0.1,44.96,67.1,83.6,8.3,16.2,322.42799999999994,96.31292725,140.8163503,19.645599999999998,480.04621099999997,85535.3832,69507.78792999999,95808.95237999999,27.64000908,24.810126020000002,82503.12701000001,9,0.832489,0.982014655,0.06693618300000001,0.9320416060000002,0.9224369979999999,0.939331193,1,0.7639254310000001,0.750395994,0.9472974150000001,0.86233,8.235972933,12.466564090000002,24.960400639999996,2.6,0.8158480420000002,68.5,60.5,76.8,83.218,85.193,81.145,0.9725846149999999,1.07,23,4.116,0.737674,5.708844,0.266161,100,-1.438346,0.049,NA,16.4,16,11.47467,11.030299999999999,12.060400000000001,79.36825,76.14467,82.88253999999999,1.05,2,4.6,20.779999999999998,1.352941176
4.344548452970829,4.085669887191655,4.30577649523809,4.374,2,20,112.82799999999999,74.8,Sierra Leone,129,2017,35.43994,4.583,60.6,51.94,55.3,33.3,87.7,9.848867999999998,NA,15.35897541,21.940339239999993,NA,10.506793870000001,1390.300267,1095.629701,1387.023799,NA,NA,1239.936296,184,0.390246333,0.871936527,0.6447671589999999,0.4189870650000001,0.38918783500000004,0.44634881500000007,0.38030472100000007,0.205662627,0.3072081,0.29835120000000004,0.913,47.29928,36.480852340000006,19.220539999999996,39.8,0.26613701199999995,57.9,57.1,58.7,52.214,52.82,51.61,0.4956,1.02,12.396694210000003,4.185,0.19176700000000002,7.557212,1.149902,41.6,NA,4.498,1.30483,9.3291,10.1898,3.5,2.71,4.306,25.64,19.18,32.3,0.6981132079999999,4.5,9,76.016,0.6474820139999999
4.603885114530855,4.174243970184309,4.521062148046399,4.681,3,10,72.684,63.2,Senegal,111,2017,31.741733329999995,5.56,53.4,35.949999999999996,54.4,26.5,44.3,9.677004398000001,69.7894,38.44960784999999,43.88213693000001,NA,39.16008719,2470.5795820000003,1691.4952930000002,3101.403281,28.479961090000003,25.08460692,2384.177299,164,0.368345678,0.911255198,0.514688754,0.5051337229999999,0.4808684080000001,0.5276989460000001,0.4790640690000001,0.19723478200000003,0.346500766,0.5762977380000001,0.94454,46.453889999999994,32.64468945999999,27.671310000000002,21.1,0.34023438799999994,57.2,45.5,69.9,67.477,69.4,65.394,0.7304153849999998,1.04,41.81818182,8.577,0.4768260000000001,15.850567000000002,2.5838240000000003,46.7,NA,26.596,13.665600000000001,10.048499999999999,9.305500000000002,2.9861999999999997,2.4479,3.7778,17.108358180000003,11.139999999999999,20.098925660000003,1.0638297869999995,4.9,5.5,79.24900000000001,1.0576923079999998
4.7902614802507015,4.080141071258722,4.493479033333334,4.668,48,54,100.143,71.3,Somalia,112,2017,NA,5.373,86.2,12.05,43.4,6.2,72.3,NA,77.6678,33.66255951000001,NA,NA,NA,NA,NA,NA,NA,9.534276152999999,NA,NA,NA,NA,NA,NA,NA,NA,NA,NA,NA,0.34511159999999996,0.90213,NA,NA,NA,38.9,NA,46.1,18.6,74.3,56.714,58.427,55.073,0.564830769,1.03,24.316109420000004,7.495,0.40266,14.742522999999998,2.686132,44.4,NA,986.382,NA,NA,NA,NA,NA,NA,NA,NA,NA,1.1551724140000001,6,11,91.337,1.028037383
6.11382817496238,5.674705520318323,5.976526274603169,6.253,5,15,69.459,6.3,El Salvador,35,2017,21.923939389999997,12.857000000000001,18.8,49.660000000000004,58.6,60,35.7,12.60515,72.54790000000001,24.379959110000005,89.33888608999999,1.3340500000000002,46.51022388,7292.457804,5226.4924869999995,8722.175952,16.889440649999997,15.49921373,6868.1076060000005,121,0.5799597220000001,0.968653193,0.392292731,0.6741587269999999,0.662574677,0.6840164079999999,0.6388862439999999,0.40407910700000005,0.49037414500000004,0.726038462,0.82928,30.32635,22.27590001,23.24546818,12.2,0.523983803,61.4,47,78.8,73.75,78.12599999999999,69.051,0.8269230770000001,1.05,32.142857140000004,4.103999999999999,0.5276480000000001,6.377853,0.5750810000000001,71.3,-4.358415999999999,25.879,20.3747,12.478299999999999,12.7503,6.894499999999999,6.663499999999999,7.3098,43.332,42.18479916,47.87677856,0.7799999999999999,4.5,9.9,42.545,1.020618557
3.4578565981861598,3.9796434453205154,3.8012269999999995,3.462,37,33,38.592000000000006,62.5,Syria,149,2017,NA,7.353,22.9,10.12,34.8,44.4,35.6,8.7528,NA,19.58799934,NA,NA,NA,NA,560.749603,4076.592363,NA,NA,2337.170091,155,0.4118833330000001,0.7880621539999998,0.546766075,0.535703701,0.44331820800000005,0.5625421869999999,0.476056054,NA,NA,0.6821201539999999,0.95293,NA,NA,NA,13,NA,41.1,11.9,70.2,70.96300000000001,77.418,65.40700000000001,0.7840461539999999,1.05,13.2,10.793999999999999,0.7936219999999999,18.269868000000002,1.9793319999999999,53.5,NA,6290.907999999999,NA,8.698699999999999,8.8047,5.062499999999999,4.6297,5.6,40.96,37.120000000000005,42.644,3.824074074,15.2,34.9,61.91,1.2878228779999998
4.3080892357195575,4.968982484275712,4.413117790476189,4.212,4,11,76.98,34.4,Swaziland,135,2017,29.402183329999996,5.303,69.1,29.25,40,18.5,19.1,11.19615,NA,27.413951870000002,24.092700049999998,NA,10.58114393,7738.974566,5722.019845,9641.069252000001,NA,NA,7619.9434919999985,144,0.5283831669999999,0.9425496020000002,0.569047981,0.5883163539999998,0.568351144,0.602993353,0.6545779649999999,0.40100821400000003,0.40649291600000004,0.43448898500000016,0.81842,24.106550000000002,29.67375664,37.9,26.2,0.41374079100000005,54.3,42.7,67.2,58.26800000000001,61.339999999999996,54.932,0.588738462,1.03,14.73684211,0.8160000000000001,0.043252000000000006,1.367254,0.181136,23.6,NA,0.234,2.58307,10.7829,11.607899999999999,6.52137,6.0923,6.8770999999999995,31.34,30.02,32.74,1.038461538,26.4,54.8,62.339,0.9873873869999998
4.532903984716437,4.577394377877187,4.4916277000000004,4.35,45,63,161.09,65.5,Chad,132,2017,37.9167,4.9350000000000005,87.2,26.959999999999997,67,7.9,91.5,7.95605,73.5336,14.850258830000001,25.23437353,NA,26.34547521,1768.1534109999998,1412.094163,2087.517312000001,21.38443249,20.62934602,1750.1856970000001,186,0.298445722,0.775424779,0.7082848079999999,0.40397024700000006,0.35023759799999993,0.45167191900000003,0.4323678750000001,0.17026298600000003,0.30957539900000003,0.2942739690000001,0.92033,42.9501,38.26518784000001,28.4,42.4,0.24939027300000002,71.1,64.8,77.6,53.208000000000006,54.455,51.980999999999995,0.510892308,1.03,12.76595745,7.505,0.370389,14.899994000000001,2.7259960000000003,22.9,NA,16.34,NA,6.394299999999999,9.495500000000002,2.3233300000000003,1.2266,3.4403,NA,1.683510335,9.98783317,1.4,5.9,10.1,93.59,1.0978260869999996
4.231641985189347,4.317566914117704,4.211983600000005,4.085,8,9,89.09100000000001,61.4,Togo,139,2017,31.49605333,5.106999999999999,37.8,52.879999999999995,76.1,44.9,80.3,12.42428728,99.9839,37.59315491000001,43.804095679999996,NA,11.149247579999999,1429.8134269999998,1265.471729,1642.533084,26.413938120000005,26.552674120000002,1453.432247,165,0.506141758,0.821928104,0.5669123669999999,0.50322,0.44551156100000006,0.542032276,0.4043026170000001,0.309358246,0.302786151,0.432792538,0.8544200000000001,38.87913,31.734502029999998,25.10903,30.5,0.343525639,77.6,75.8,79.4,60.477,61.312999999999995,59.631,0.6227230770000001,1.02,17.582417579999994,4.334,0.221338,7.797694,1.1900950000000001,41.2,NA,8.130999999999998,8.355990000000002,9.9781,13.1638,4.83068,3.2727,6.464099999999999,39.06,26.259999999999998,52.52,0.761904762,1.8,2.8,74.81400000000001,0.8235294120000002
5.648244299569446,5.7377538865182345,5.898041380446166,6.008,1,1,51.85099999999999,0.6,Thailand,52,2017,15.45685034,15.949,32.8,47.37,67.8,44.7,50.2,14.6502963,NA,79.78010559,164.72783890000002,1.9992299999999998,1123.769934,16277.67115,13792.559899999998,17326.516880000003,NA,NA,15515.83035,83,0.6606630079999999,0.9961295609999999,0.3933082950000001,0.754683546,0.7532573839999999,0.7561841479999999,0.761992466,0.573083597,0.5805295989999999,0.7744105539999999,0.7982699999999999,13.25629101,15.684713179999997,23.814260000000004,9.3,0.6363135959999999,68.6,60.5,77.3,75.498,79.298,71.798,0.853815385,1.06,4.8,49.229000000000006,7.851583999999999,69.03751300000002,3.678596,49.2,3.1030210000000005,0.15800000000000003,1.47811,14.7856,14.515,7.61131,7.395499999999999,7.8468,44.83846,42.42226,47.46835000000001,1.1,1.1,5.9,24.287999999999997,1.311111111
4.908607501456065,5.212122666859826,5.17005967301588,5.467,2,2,36.416,16.9,Tajikistan,74,2017,13.38484758,5.656,51.6,24.38,53.2,32,47.5,11.21908,56.6008,42.13079453,15.766377399999998,2.80036,25.844353180000002,2896.912851,2233.3469920000002,4391.849415,NA,NA,3317.42398,127,0.658974444,0.933201905,0.31653033399999997,0.65001453,0.6243509239999999,0.669041631,0.5289629819999999,0.6158560989999999,0.457493245,0.629538246,0.98434,6.5432500000000005,13.56181885,13.51129273,20.1,0.561860737,59.3,45.5,73.3,71.21400000000001,74.361,68.428,0.787907692,1.07,20,5.467,0.3092309999999999,8.921342999999998,1.1942420000000002,27,-9.796312999999998,1.372,31.563599999999997,10.5195,11.894,10.42,10.737999999999998,10.158,93.06,98.88,86.98,1.111111111,10.3,18.9,57.523,1.098837209
5.152150605481661,5.529535233937354,5.180446684891228,5.247,1,1,24.418,2.5,Turkmenistan,87,2017,17.918093329999998,6.6,8.2,40.6,63.2,46.8,21.1,10.79994,NA,35.517108920000005,NA,NA,94.36922541000001,16389.02331,11239.95078,20083.38113,NA,NA,15594.47253,108,0.6259983330000001,NA,NA,0.7062571079999999,NA,NA,0.7627561599999999,0.6037486000000001,0.5583375089999999,0.5651430150000001,0.97395,3.55428,18.528145239999997,26.8,23.4,0.5754007649999999,65.5,53.4,78.2,67.956,71.44900000000001,64.504,0.737784615,1.05,25.806451610000003,3.7319999999999998,0.24629500000000004,5.758075,0.7124869999999999,51.2,NA,0.371,0.024332,10.531099999999999,11.0631,9.78,NA,NA,NA,NA,NA,1.1562500000000002,3.4,6.5,47.69500000000001,1.160714286
4.610597418411516,5.357588974138134,5.105984147531365,4.461,1,2,7.653,5.3,Tunisia,124,2017,21.377053330000003,11.767999999999999,13.7,24.979999999999997,39.8,43.7,20.8,15.101519999999999,99.90490000000001,28.36343575,96.91850878000001,NA,125.11547529999999,10849.29739,4537.15033,16152.3707,NA,NA,10275.31974,95,0.6585619999999999,0.8974839199999999,0.2983288200000001,0.7347200970000001,0.68381171,0.761920848,0.699739992,0.43085154400000003,0.5678093340000001,0.768570754,0.97417,34.57692,22.02606967,18.85424,10.7,0.5728901370000001,46.9,24.3,70.6,75.94300000000001,77.992,73.91900000000001,0.8606615380000001,1.05,31.33640553,7.841,0.9227150000000001,11.532127,1.052968,68.6,NA,1.842,4.72809,15.7774,14.448599999999999,7.1722600000000005,6.3504,7.863499999999999,51.78,41.249142860000006,52.72800000000001,1.653846154,15.2,35.8,35.31399999999999,1.0112994349999997
5.287466187159312,5.572757336168916,5.400049590476194,5.373,2,4,25.848,1.1,Turkey,79,2017,15.263767999999999,12.187999999999999,19.4,27.45,45.8,53.8,28.5,15.237599999999999,54.17210000000001,54.29382324000001,77.85765181,1.2811599999999999,2029.069113,25129.34065,15576.29867,34312.625219999994,30.861839110000002,29.809081940000002,24803.988730000005,64,0.688668667,0.921890589,0.31736459600000005,0.7906339809999998,0.7547909740000001,0.818742465,0.832859305,0.5954042439999999,0.644228409,0.7789559380000001,0.8759400000000002,13.54271322,15.44367727,22.64859077,9.6,0.6685310199999999,51.6,32.4,71.9,76.009,79.22,72.76,0.8616769230000001,1.05,14.571949,54.010999999999996,6.582747,80.74502000000001,6.728071,74.6,-3.8360839999999996,61.385999999999996,0.12313400000000002,14.7365,15.749099999999999,7.96206,7.1057999999999995,8.837,52.228260000000006,44.868010000000005,66.04050061000001,1.4693877549999999,11.3,20.3,37.31099999999999,1.1600000000000001
6.081660665431435,5.600028784102005,5.954307793506494,6.192,4,7,30.09,0.9,Trinidad and Tobago,39,2017,NA,14.445,3.7,42.230000000000004,59.1,69.7,16.5,12.9,NA,73.6030426,47.67676721,-1.691,39.380239259999996,28763.07076,22007.938420000002,35434.61987,NA,NA,28622.30412,69,0.7216,1.0127287319999998,0.32397011700000006,0.7839152599999999,0.793626297,0.783651408,0.854487737,NA,0.6670131269999998,0.659397723,0.8156400000000001,NA,NA,21.939999999999998,15.6,NA,62.1,51,73.7,70.783,74.44700000000002,67.356,0.7812769229999998,1.04,30.136986300000004,0.9490000000000001,0.137108,1.369125,0.09279500000000002,53.2,3.968003,0.312,0.611147,14.4444,12.495700000000001,10.898,10.992,10.814,73.44000000000001,74.42,69.13199999999999,1.5641025640000004,4.8,11.4,29.803,1.1752577320000002
3.23317174584175,4.288247317083311,3.988089314447624,3.231,1,1,115.066,68.3,Tanzania,153,2017,24.753376669999998,5.98,66.7,44.14,81.5,27.3,83.5,8.92369,NA,42.15222168,NA,NA,149.2786213,2683.304024,2281.888407,3037.150019,NA,NA,2655.3938200000002,154,0.440546944,0.927943165,0.536782522,0.5377147409999999,0.5171355449999999,0.557292262,0.495338641,0.321774916,0.3843827860000001,0.5350586150000001,0.6908299999999999,26.960129999999996,24.776439919999998,22.4,24.9,0.4044881710000001,83.3,79.5,87.4,66.31,68.051,64.551,0.7124615379999999,1.03,37.179487179999995,29.791,1.781385,57.310019,9.862402000000003,33.1,NA,0.6699999999999999,0.8351190000000001,8.5578,9.3,5.78,5.4,6.1616,14.292808769999999,11.90167436,16.9164573,1.6470588240000004,2.2,3.9,86.394,1.21875
4.455524354866422,5.575641216378217,4.6028822666666755,4.332,35,14,23.84,0.3,Ukraine,133,2017,6.541327567,24.192,14.9,49.160000000000004,49.1,59.8,15.6,14.98815,102.215,61.32117462,58.65246529,2.16488,335.39701749999995,7894.392926000001,6081.863731,10512.765179999999,20.748595339999998,16.003647429999997,8130.399165000001,88,0.7943374999999998,0.993059262,0.28473544399999995,0.7507097380000001,0.74578227,0.750994728,0.6643725799999998,0.7657472280000001,0.607736659,0.7415511539999999,0.9446800000000001,3.5992599999999997,6.565210457999999,8.524722701999998,7.5,0.7014240629999999,54.2,46.9,63,72.109,76.91900000000001,67.113,0.801676923,1.06,12.293144210000001,30.092,7.279883000000001,44.222947000000005,2.303013,69.2,-3.561169,139.32700000000003,10.8485,15.1944,14.7914,11.34,11.291199999999998,11.348099999999999,95.06,94.5,95.61999999999999,0.740740741,9.5,23.3,22.769,0.9395161289999998
4.348856575247737,4.649080155568614,4.3764825365079405,4.189,5,20,106.502,52.4,Uganda,136,2017,28.21203,4.326,69,39.33,69.2,24.1,74.5,11.588166999999999,44.41779999999999,52.706413270000006,23.20394197,2.7017,72.76872286,1697.7065110000003,1211.911349,2108.670693,24.01174643,23.518801020000005,1657.976334,162,0.524901861,0.8648172380000001,0.5226012500000001,0.516320815,0.47529714399999995,0.5495925879999999,0.424192118,0.3783787610000001,0.321445533,0.41727461500000007,0.75249,27.91438,28.292309179999997,24.221709999999998,32.5,0.37024173299999996,70.7,66.6,74.9,60.182,62.388999999999996,57.952999999999996,0.618184615,1.03,34.29844098000001,21.482999999999997,0.929381,42.862958000000006,7.881619000000001,23.2,-0.9259662999999999,6.417,4.78842,11.041899999999998,12.247099999999998,6.09025,4.726999999999999,7.1706,31.68,26.7,32.445861949999994,1.8666666669999998,2.1,2.9,95.193,1.318181818
6.288524078416625,5.745645888952821,6.064976341025641,6.293,3,5,54.726000000000006,0.8,Uruguay,33,2017,13.883386870000002,22.797,8.2,46.620000000000005,59.6,71.9,23.9,15.909790000000001,39.98779999999999,60.62883759,35.322545780000006,0.047635000000000004,71.04108451,20551.40942,15281.912760000001,24904.52424,15.71595941,16.666898950000004,19930.40834,55,0.7325662779999998,1.0136998279999998,0.270050235,0.8039484330000002,0.8070243460000001,0.7961176709999999,0.799814677,0.6785143899999998,0.597687664,0.80703,0.83333,7.37842965,14.280528459999998,25.271730969999997,9,0.6891403479999999,64.8,56.1,74.4,77.645,81.004,74.034,0.886846154,1.05,22.30769231,2.222,0.506589,3.4567499999999995,0.23883200000000002,95.2,-3.306189,0.019,0.17839800000000003,16.893800000000002,14.952400000000003,8.718829999999999,8.9823,8.4214,54.10314,55.83283,52.13562,1.515151515,8.1,24.5,32.759,1.183574879
5.47143969459758,5.152343648328504,5.421430682701755,6.174,1,1,16.524,14.9,Uzbekistan,41,2017,NA,6.616,21.9,39.43,60.9,40.4,24.7,12.01214,58.063500000000005,35.96907806,NA,NA,202.5205253,6253.10386,4686.859122000001,8264.097371,24.9,24.9,6470.082622000001,105,0.717835889,0.9453983330000001,0.27448516200000006,0.709846647,0.686820844,0.7264883179999999,0.629868257,0.712399176,NA,0.656593846,0.96971,0.7573754360000001,NA,NA,17,NA,65.7,53.8,77.9,71.42,74.23,68.648,0.7910769229999999,1.08,16.4,21.555,1.426054,31.910641,3.180209,50.6,NA,3.4179999999999997,NA,11.8186,12.197299999999998,11.524959999999998,11.1659,11.7572,99.88606,99.85952999999999,99.91361000000002,0.9726027399999999,7.2,14.6,41.43,1.0428571430000002
5.111083457093922,5.5179665529670885,4.880543574603173,4.707,5,4,85.337,15.9,Venezuela,108,2017,16.19627023,10.054,10.2,42.42,58.5,66.5,31.9,14.3,NA,70.03800964000001,NA,NA,514.7148152000001,16745.02198,7401.169997,13976.25121,NA,NA,10671.541550000002,78,0.7413365559999999,1.0109690799999997,0.4543227150000001,0.76077299,0.7620776360000001,0.753809044,0.7054552839999999,0.645499131,0.527954574,0.7535349229999999,0.82676,12.927653959999999,16.450578110000002,25.161156740000003,10.5,0.6356214350000001,63.6,50.2,77.4,74.726,78.924,70.755,0.8419384620000001,1.05,22.155688620000003,21.038,2.1150569999999997,31.977065000000003,2.9713179999999997,88.2,NA,9.273,NA,15.446,13.188799999999999,10.323430000000002,10.6537,10.0277,69.20773,71.71238,66.61428000000001,1.2162162159999999,8.1,17.6,41.943,1.1578947369999997
5.099244123203183,5.402481640245664,5.281427967099564,5.175,2,3,27.282999999999998,7.8,Vietnam,94,2017,17.257830000000002,10.245,40.9,46.94,76.6,34.1,55.9,12.692322999999998,200.309,30.41970062,141.7974831,6.29847,589.6667532,6171.8841919999995,5345.412948,6383.069432,25.768428499999995,23.07453244,5858.898113,116,0.625897861,1.0052922079999997,0.304469234,0.693998062,0.6956628619999999,0.692000651,0.6148794000000001,0.515492858,0.4830859650000001,0.758220646,0.73967,17.639460000000003,17.33481627,21.43403,12.7,0.5736947730000002,78.2,73.2,83.5,76.45400000000001,81.04,71.76700000000001,0.8685230770000001,1.1,26.720647769999996,66.67699999999999,6.83097,95.5408,7.745468000000001,35.2,-6.901065000000001,334.069,6.155879999999999,12.886700000000001,12.508,8.2,7.92,8.5429,69.44000000000001,66.24000000000001,77.69533202999997,0.863636364,2.1,7,33.043,1.014492754
3.3355873394912003,3.6017466030583765,3.7037381000000074,3.38,24,35,60.352,81.2,Yemen,151,2017,30.94696,5.1129999999999995,44.5,4.159999999999999,32.7,42.6,43.6,8.977,NA,1.671490073,NA,NA,40.801106049999994,1479.147005,148.5517916,2307.680672,NA,NA,1239.2914099999998,178,0.349361111,0.4254103350000001,0.8344952750000001,0.451900426,0.22312086399999997,0.5244838809999999,0.380226138,0.18817410399999998,0.29732455800000007,0.521737031,0.8813799999999999,46.13765,31.86482908,21.80323,24.9,0.30790312799999997,37.9,6,69.6,65.157,66.648,63.701,0.694723077,1.05,0.518134715,16.148,0.825576,28.25042,4.114444999999999,36,NA,23.553,NA,7.5561,10.345500000000001,3,1.91,4.2219999999999995,27.06,18.66,34.8,2.158730159,13.8,25.5,69.836,1.045081967
4.669383228251453,5.231369477146773,4.5076037,4.722,26,40,42.78,16.4,South Africa,106,2017,30.333863330000003,8.137999999999998,5.6,44.08,39.6,71.1,9.6,13.33729,58.1796,69.98981476000002,78.72621426000002,0.392632,697.3304079999999,12294.876139999998,9059.825158,14894.28092,18.601870920000007,18.73422886,11923.2677,113,0.708285278,0.9835802429999999,0.389393937,0.6990300549999999,0.6924671609999997,0.7040271149999999,0.7222090609999999,0.607244204,0.314623155,0.5321998150000001,0.77828,14.265590000000001,33.23014833000001,56.436,20.3,0.466741331,54.7,47.9,62,63.403999999999996,66.98,59.865,0.667753846,1.03,41.031390130000005,37.246,3.031236,56.717156,5.711987,65.8,-2.9792319999999997,0.466,0.24990400000000004,13.7394,13.0753,10.134149999999998,9.934899999999999,10.3549,75.71793000000001,74.1968,77.39402000000001,1.1960784310000003,27.7,57.4,44.137,1.105973025
4.206758611641874,4.135726907930404,4.308661807936502,4.107,5,4,82.818,67,Zambia,138,2017,33.031066669999994,4.702,53.3,37.77,69,34.8,77.6,12.5123,71.6306,40.27887726,21.807042579999997,3.3550899999999997,63.06453323000001,3689.250826,2985.625504,4137.87429,NA,NA,3557.379352000001,144,0.5798972220000002,0.940527571,0.51702349,0.588083472,0.569294689,0.60529293,0.5395120439999999,0.45385708300000005,0.277534221,0.4628547690000001,0.87931,21.734910000000003,34.06421823000001,48.55829,28.8,0.387757435,74.8,70.1,79.7,62.255,64.955,59.578,0.650076923,1.03,17.96407186,9.015,0.42388900000000007,17.09413,2.8885240000000003,43,-4.900747000000001,0.271,0.36284,11.9978,13.0268,6.970000000000001,6.52,7.42,44.339999999999996,39.160000000000004,52.4,1.150684932,7.8,15.4,84.91100000000002,1.033557047
4.0089460767119505,4.043965714705216,3.998859268681321,3.663,6,10,104.081,74.8,Zimbabwe,146,2017,23.47401,5.042,68.5,42.839999999999996,79.3,24.1,65.7,10.31433,61.5196,51.66492462,NA,NA,31.40309799,1899.774977,1430.951224,1948.1123239999997,16.862690889999996,16.801051810000004,1682.839299,156,0.5581705,0.924398338,0.5344529809999998,0.534553286,0.5134178509999999,0.5554075879999999,0.42644052900000007,0.4643657050000001,0.31123220399999996,0.47102473800000005,0.7891999999999999,16.80576,23.61552032,27.016270000000002,26.6,0.40831574600000003,83.6,78.5,89.1,61.712,63.509,59.76200000000001,0.6417230770000001,1.02,36.15160349999999,9.252,0.46645800000000004,16.529904000000002,2.548684,32.2,NA,17.434,NA,10.1798,10.4603,8.14984,7.527099999999999,8.9072,58.70091000000001,55.911727909999996,66.34425000000002,0.609375,5.2,11.4,73.615,0.8444444440000001
